Time,Clonskeagh Totem,Clonskeagh Totem IN,Clonskeagh Totem OUT,Dun Laogaire @ Seapoint Beach Cyclist,Dun Laogaire @ Seapoint Beach Cyclists IN,Dun Laogaire @ Seapoint Beach Cyclists OUT,Dun Laoghaire @ Peoples Park Cyclist,Dun Laoghaire @ Peoples Park Cyclists IN,Dun Laoghaire @ Peoples Park Cyclists OUT,Dun Laoghaire @ York Road Cyclist,Dun Laoghaire @ York Road Cyclists IN,Dun Laoghaire @ York Road Cyclists OUT,Glenageary Cyclist,Glenageary Bikes IN,Glenageary Bikes OUT,Grange Road Totem,N11 Before UCD,N11 Before UCD Cyclist IN,N11 Before UCD Cyclist OUT,N11 Outbound (Montrose),N11 Outbound (Montrose) OUT-Away From City Centre,N11 Outbound (Montrose) IN- Towards City Centre,N11 Totem Inbound,Rock Road Bus Lane,Rock Road Park,Rock Road Park IN,Rock Road Park OUT,Rock Road Totem Inbound,Wyattville Rd - Bicycles From N11,Wyattville Rd - Bicycles Towards N11,Wyattville Rd At Park Gates Cyclist,Wyattville Rd At Park Gates Bikes IN,Wyattville Rd At Park Gates Bikes OUT,Wyattville Road At Steps Cyclist,Wyattville Road At Steps Bikes IN,Wyattville Road At Steps Bikes OUT
"Nov 24, 2010 5:00 AM",,,,,,,,,,,,,18,10,8,,,,,,,,,,,,,,,,,,,,,
"Nov 24, 2010 6:00 AM",,,,,,,,,,,,,6,6,0,,,,,,,,,,,,,,,,,,,,,
"Nov 24, 2010 7:00 AM",,,,,,,,,,,,,3,0,3,,,,,,,,,,,,,,,,,,,,,
"Nov 24, 2010 8:00 AM",,,,,,,,,,,,,1,1,0,,,,,,,,,,,,,,,,,,,,,
"Nov 24, 2010 9:00 AM",,,,,,,,,,,,,2,1,1,,,,,,,,,,,,,,,,,,,,,
"Nov 24, 2010 10:00 AM",,,,,,,,,,,,,2,2,0,,,,,,,,,,,,,,,,,,,,,
"Nov 24, 2010 11:00 AM",,,,,,,,,,,,,0,0,0,,,,,,,,,,,,,,,,,,,,,
"Nov 24, 2010 12:00 PM",,,,,,,,,,,,,0,0,0,,,,,,,,,,,,,,,,,,,,,
"Nov 24, 2010 1:00 PM",,,,,,,,,,,,,1,0,1,,,,,,,,,,,,,,,,,,,,,
"Nov 24, 2010 2:00 PM",,,,,,,,,,,,,0,0,0,,,,,,,,,,,,,,,,,,,,,
"Nov 24, 2010 3:00 PM",,,,,,,,,,,,,0,0,0,,,,,,,,,,,,,,,,,,,,,
"Nov 24, 2010 4:00 PM",,,,,,,,,,,,,0,0,0,,,,,,,,,,,,,,,,,,,,,
"Nov 24, 2010 5:00 PM",,,,,,,,,,,,,5,5,0,,,,,,,,,,,,,,,,,,,,,
"Nov 24, 2010 6:00 PM",,,,,,,,,,,,,0,0,0,,,,,,,,,,,,,,,,,,,,,
"Nov 24, 2010 7:00 PM",,,,,,,,,,,,,0,0,0,,,,,,,,,,,,,,,,,,,,,
"Nov 24, 2010 8:00 PM",,,,,,,,,,,,,0,0,0,,,,,,,,,,,,,,,,,,,,,
"Nov 24, 2010 9:00 PM",,,,,,,,,,,,,0,0,0,,,,,,,,,,,,,,,,,,,,,
"Nov 24, 2010 10:00 PM",,,,,,,,,,,,,7,7,0,,,,,,,,,,,,,,,,,,,,,
"Nov 24, 2010 11:00 PM",,,,,,,,,,,,,0,0,0,,,,,,,,,,,,,,,,,,,,,
"Nov 25, 2010 12:00 AM",,,,,,,,,,,,,0,0,0,,,,,,,,,,,,,,,,,,,,,
"Nov 25, 2010 1:00 AM",,,,,,,,,,,,,0,0,0,,,,,,,,,,,,,,,,,,,,,
"Nov 25, 2010 2:00 AM",,,,,,,,,,,,,0,0,0,,,,,,,,,,,,,,,,,,,,,
"Nov 25, 2010 3:00 AM",,,,,,,,,,,,,9,9,0,,,,,,,,,,,,,,,,,,,,,
"Nov 25, 2010 4:00 AM",,,,,,,,,,,,,0,0,0,,,,,,,,,,,,,,,,,,,,,
"Nov 25, 2010 5:00 AM",,,,,,,,,,,,,0,0,0,,,,,,,,,,,,,,,,,,,,,
"Nov 25, 2010 6:00 AM",,,,,,,,,,,,,2,1,1,,,,,,,,,,,,,,,,,,,,,
"Nov 25, 2010 7:00 AM",,,,,,,,,,,,,5,2,3,,,,,,,,,,,,,,,,,,,,,
"Nov 25, 2010 8:00 AM",,,,,,,,,,,,,8,2,6,,,,,,,,,,,,,,,,,,,,,
"Nov 25, 2010 9:00 AM",,,,,,,,,,,,,8,2,6,,,,,,,,,,,,,,,,,,,,,
"Nov 25, 2010 10:00 AM",,,,,,,,,,,,,2,1,1,,,,,,,,,,,,,,,,,,,,,
"Nov 25, 2010 11:00 AM",,,,,,,,,,,,,1,0,1,,,,,,,,,,,,,,,,,,,,,
"Nov 25, 2010 12:00 PM",,,,,,,,,,,,,7,6,1,,,,,,,,,,,,,,,,,,,,,
"Nov 25, 2010 1:00 PM",,,,,,,,,,,,,4,0,4,,,,,,,,,,,,,,,,,,,,,
"Nov 25, 2010 2:00 PM",,,,,,,,,,,,,3,2,1,,,,,,,,,,,,,,,,,,,,,
"Nov 25, 2010 3:00 PM",,,,,,,,,,,,,4,1,3,,,,,,,,,,,,,,,,,,,,,
"Nov 25, 2010 4:00 PM",,,,,,,,,,,,,4,4,0,,,,,,,,,,,,,,,,,,,,,
"Nov 25, 2010 5:00 PM",,,,,,,,,,,,,4,2,2,,,,,,,,,,,,,,,,,,,,,
"Nov 25, 2010 6:00 PM",,,,,,,,,,,,,3,3,0,,,,,,,,,,,,,,,,,,,,,
"Nov 25, 2010 7:00 PM",,,,,,,,,,,,,3,2,1,,,,,,,,,,,,,,,,,,,,,
"Nov 25, 2010 8:00 PM",,,,,,,,,,,,,1,0,1,,,,,,,,,,,,,,,,,,,,,
"Nov 25, 2010 9:00 PM",,,,,,,,,,,,,1,0,1,,,,,,,,,,,,,,,,,,,,,
"Nov 25, 2010 10:00 PM",,,,,,,,,,,,,1,1,0,,,,,,,,,,,,,,,,,,,,,
"Nov 25, 2010 11:00 PM",,,,,,,,,,,,,0,0,0,,,,,,,,,,,,,,,,,,,,,
"Nov 26, 2010 12:00 AM",,,,,,,,,,,,,2,2,0,,,,,,,,,,,,,,,,,,,,,
"Nov 26, 2010 1:00 AM",,,,,,,,,,,,,2,0,2,,,,,,,,,,,,,,,,,,,,,
"Nov 26, 2010 2:00 AM",,,,,,,,,,,,,0,0,0,,,,,,,,,,,,,,,,,,,,,
"Nov 26, 2010 3:00 AM",,,,,,,,,,,,,0,0,0,,,,,,,,,,,,,,,,,,,,,
"Nov 26, 2010 4:00 AM",,,,,,,,,,,,,0,0,0,,,,,,,,,,,,,,,,,,,,,
"Nov 26, 2010 5:00 AM",,,,,,,,,,,,,0,0,0,,,,,,,,,,,,,,,,,,,,,
"Nov 26, 2010 6:00 AM",,,,,,,,,,,,,1,0,1,,,,,,,,,,,,,,,,,,,,,
"Nov 26, 2010 7:00 AM",,,,,,,,,,,,,4,1,3,,,,,,,,,,,,,,,,,,,,,
"Nov 26, 2010 8:00 AM",,,,,,,,,,,,,8,4,4,,,,,,,,,,,,,,,,,,,,,
"Nov 26, 2010 9:00 AM",,,,,,,,,,,,,8,4,4,,,,,,,,,,,,,,,,,,,,,
"Nov 26, 2010 10:00 AM",,,,,,,,,,,,,5,0,5,,,,,,,,,,,,,,,,,,,,,
"Nov 26, 2010 11:00 AM",,,,,,,,,,,,,5,3,2,,,,,,,,,,,,,,,,,,,,,
"Nov 26, 2010 12:00 PM",,,,,,,,,,,,,3,1,2,,,,,,,,,,,,,,,,,,,,,
"Nov 26, 2010 1:00 PM",,,,,,,,,,,,,2,1,1,,,,,,,,,,,,,,,,,,,,,
"Nov 26, 2010 2:00 PM",,,,,,,,,,,,,9,3,6,,,,,,,,,,,,,,,,,,,,,
"Nov 26, 2010 3:00 PM",,,,,,,,,,,,,7,4,3,,,,,,,,,,,,,,,,,,,,,
"Nov 26, 2010 4:00 PM",,,,,,,,,,,,,3,3,0,,,,,,,,,,,,,,,,,,,,,
"Nov 26, 2010 5:00 PM",,,,,,,,,,,,,8,6,2,,,,,,,,,,,,,,,,,,,,,
"Nov 26, 2010 6:00 PM",,,,,,,,,,,,,4,2,2,,,,,,,,,,,,,,,,,,,,,
"Nov 26, 2010 7:00 PM",,,,,,,,,,,,,2,2,0,,,,,,,,,,,,,,,,,,,,,
"Nov 26, 2010 8:00 PM",,,,,,,,,,,,,1,0,1,,,,,,,,,,,,,,,,,,,,,
"Nov 26, 2010 9:00 PM",,,,,,,,,,,,,0,0,0,,,,,,,,,,,,,,,,,,,,,
"Nov 26, 2010 10:00 PM",,,,,,,,,,,,,1,0,1,,,,,,,,,,,,,,,,,,,,,
"Nov 26, 2010 11:00 PM",,,,,,,,,,,,,0,0,0,,,,,,,,,,,,,,,,,,,,,
"Nov 27, 2010 12:00 AM",,,,,,,,,,,,,0,0,0,,,,,,,,,,,,,,,,,,,,,
"Nov 27, 2010 1:00 AM",,,,,,,,,,,,,0,0,0,,,,,,,,,,,,,,,,,,,,,
"Nov 27, 2010 2:00 AM",,,,,,,,,,,,,0,0,0,,,,,,,,,,,,,,,,,,,,,
"Nov 27, 2010 3:00 AM",,,,,,,,,,,,,2,0,2,,,,,,,,,,,,,,,,,,,,,
"Nov 27, 2010 4:00 AM",,,,,,,,,,,,,0,0,0,,,,,,,,,,,,,,,,,,,,,
"Nov 27, 2010 5:00 AM",,,,,,,,,,,,,0,0,0,,,,,,,,,,,,,,,,,,,,,
"Nov 27, 2010 6:00 AM",,,,,,,,,,,,,0,0,0,,,,,,,,,,,,,,,,,,,,,
"Nov 27, 2010 7:00 AM",,,,,,,,,,,,,0,0,0,,,,,,,,,,,,,,,,,,,,,
"Nov 27, 2010 8:00 AM",,,,,,,,,,,,,0,0,0,,,,,,,,,,,,,,,,,,,,,
"Nov 27, 2010 9:00 AM",,,,,,,,,,,,,0,0,0,,,,,,,,,,,,,,,,,,,,,
"Nov 27, 2010 10:00 AM",,,,,,,,,,,,,0,0,0,,,,,,,,,,,,,,,,,,,,,
"Nov 27, 2010 11:00 AM",,,,,,,,,,,,,3,0,3,,,,,,,,,,,,,,,,,,,,,
"Nov 27, 2010 12:00 PM",,,,,,,,,,,,,3,1,2,,,,,,,,,,,,,,,,,,,,,
"Nov 27, 2010 1:00 PM",,,,,,,,,,,,,0,0,0,,,,,,,,,,,,,,,,,,,,,
"Nov 27, 2010 2:00 PM",,,,,,,,,,,,,0,0,0,,,,,,,,,,,,,,,,,,,,,
"Nov 27, 2010 3:00 PM",,,,,,,,,,,,,0,0,0,,,,,,,,,,,,,,,,,,,,,
"Nov 27, 2010 4:00 PM",,,,,,,,,,,,,1,1,0,,,,,,,,,,,,,,,,,,,,,
"Nov 27, 2010 5:00 PM",,,,,,,,,,,,,0,0,0,,,,,,,,,,,,,,,,,,,,,
"Nov 27, 2010 6:00 PM",,,,,,,,,,,,,0,0,0,,,,,,,,,,,,,,,,,,,,,
"Nov 27, 2010 7:00 PM",,,,,,,,,,,,,0,0,0,,,,,,,,,,,,,,,,,,,,,
"Nov 27, 2010 8:00 PM",,,,,,,,,,,,,1,0,1,,,,,,,,,,,,,,,,,,,,,
"Nov 27, 2010 9:00 PM",,,,,,,,,,,,,0,0,0,,,,,,,,,,,,,,,,,,,,,
"Nov 27, 2010 10:00 PM",,,,,,,,,,,,,0,0,0,,,,,,,,,,,,,,,,,,,,,
"Nov 27, 2010 11:00 PM",,,,,,,,,,,,,0,0,0,,,,,,,,,,,,,,,,,,,,,
"Nov 28, 2010 12:00 AM",,,,,,,,,,,,,0,0,0,,,,,,,,,,,,,,,,,,,,,
"Nov 28, 2010 1:00 AM",,,,,,,,,,,,,0,0,0,,,,,,,,,,,,,,,,,,,,,
"Nov 28, 2010 2:00 AM",,,,,,,,,,,,,0,0,0,,,,,,,,,,,,,,,,,,,,,
"Nov 28, 2010 3:00 AM",,,,,,,,,,,,,0,0,0,,,,,,,,,,,,,,,,,,,,,
"Nov 28, 2010 4:00 AM",,,,,,,,,,,,,0,0,0,,,,,,,,,,,,,,,,,,,,,
"Nov 28, 2010 5:00 AM",,,,,,,,,,,,,0,0,0,,,,,,,,,,,,,,,,,,,,,
"Nov 28, 2010 6:00 AM",,,,,,,,,,,,,0,0,0,,,,,,,,,,,,,,,,,,,,,
"Nov 28, 2010 7:00 AM",,,,,,,,,,,,,0,0,0,,,,,,,,,,,,,,,,,,,,,
"Nov 28, 2010 8:00 AM",,,,,,,,,,,,,0,0,0,,,,,,,,,,,,,,,,,,,,,
"Nov 28, 2010 9:00 AM",,,,,,,,,,,,,0,0,0,,,,,,,,,,,,,,,,,,,,,
"Nov 28, 2010 10:00 AM",,,,,,,,,,,,,0,0,0,,,,,,,,,,,,,,,,,,,,,
"Nov 28, 2010 11:00 AM",,,,,,,,,,,,,1,0,1,,,,,,,,,,,,,,,,,,,,,
"Nov 28, 2010 12:00 PM",,,,,,,,,,,,,0,0,0,,,,,,,,,,,,,,,,,,,,,
"Nov 28, 2010 1:00 PM",,,,,,,,,,,,,0,0,0,,,,,,,,,,,,,,,,,,,,,
"Nov 28, 2010 2:00 PM",,,,,,,,,,,,,1,1,0,,,,,,,,,,,,,,,,,,,,,
"Nov 28, 2010 3:00 PM",,,,,,,,,,,,,1,1,0,,,,,,,,,,,,,,,,,,,,,
"Nov 28, 2010 4:00 PM",,,,,,,,,,,,,5,2,3,,,,,,,,,,,,,,,,,,,,,
"Nov 28, 2010 5:00 PM",,,,,,,,,,,,,1,1,0,,,,,,,,,,,,,,,,,,,,,
"Nov 28, 2010 6:00 PM",,,,,,,,,,,,,0,0,0,,,,,,,,,,,,,,,,,,,,,
"Nov 28, 2010 7:00 PM",,,,,,,,,,,,,0,0,0,,,,,,,,,,,,,,,,,,,,,
"Nov 28, 2010 8:00 PM",,,,,,,,,,,,,0,0,0,,,,,,,,,,,,,,,,,,,,,
"Nov 28, 2010 9:00 PM",,,,,,,,,,,,,0,0,0,,,,,,,,,,,,,,,,,,,,,
"Nov 28, 2010 10:00 PM",,,,,,,,,,,,,0,0,0,,,,,,,,,,,,,,,,,,,,,
"Nov 28, 2010 11:00 PM",,,,,,,,,,,,,1,0,1,,,,,,,,,,,,,,,,,,,,,
"Nov 29, 2010 12:00 AM",,,,,,,,,,,,,0,0,0,,,,,,,,,,,,,,,,,,,,,
"Nov 29, 2010 1:00 AM",,,,,,,,,,,,,0,0,0,,,,,,,,,,,,,,,,,,,,,
"Nov 29, 2010 2:00 AM",,,,,,,,,,,,,0,0,0,,,,,,,,,,,,,,,,,,,,,
"Nov 29, 2010 3:00 AM",,,,,,,,,,,,,0,0,0,,,,,,,,,,,,,,,,,,,,,
"Nov 29, 2010 4:00 AM",,,,,,,,,,,,,0,0,0,,,,,,,,,,,,,,,,,,,,,
"Nov 29, 2010 5:00 AM",,,,,,,,,,,,,0,0,0,,,,,,,,,,,,,,,,,,,,,
"Nov 29, 2010 6:00 AM",,,,,,,,,,,,,0,0,0,,,,,,,,,,,,,,,,,,,,,
"Nov 29, 2010 7:00 AM",,,,,,,,,,,,,2,2,0,,,,,,,,,,,,,,,,,,,,,
"Nov 29, 2010 8:00 AM",,,,,,,,,,,,,2,0,2,,,,,,,,,,,,,,,,,,,,,
"Nov 29, 2010 9:00 AM",,,,,,,,,,,,,3,1,2,,,,,,,,,,,,,,,,,,,,,
"Nov 29, 2010 10:00 AM",,,,,,,,,,,,,1,1,0,,,,,,,,,,,,,,,,,,,,,
"Nov 29, 2010 11:00 AM",,,,,,,,,,,,,3,2,1,,,,,,,,,,,,,,,,,,,,,
"Nov 29, 2010 12:00 PM",,,,,,,,,,,,,1,1,0,,,,,,,,,,,,,,,,,,,,,
"Nov 29, 2010 1:00 PM",,,,,,,,,,,,,0,0,0,,,,,,,,,,,,,,,,,,,,,
"Nov 29, 2010 2:00 PM",,,,,,,,,,,,,0,0,0,,,,,,,,,,,,,,,,,,,,,
"Nov 29, 2010 3:00 PM",,,,,,,,,,,,,1,0,1,,,,,,,,,,,,,,,,,,,,,
"Nov 29, 2010 4:00 PM",,,,,,,,,,,,,0,0,0,,,,,,,,,,,,,,,,,,,,,
"Nov 29, 2010 5:00 PM",,,,,,,,,,,,,1,1,0,,,,,,,,,,,,,,,,,,,,,
"Nov 29, 2010 6:00 PM",,,,,,,,,,,,,0,0,0,,,,,,,,,,,,,,,,,,,,,
"Nov 29, 2010 7:00 PM",,,,,,,,,,,,,0,0,0,,,,,,,,,,,,,,,,,,,,,
"Nov 29, 2010 8:00 PM",,,,,,,,,,,,,0,0,0,,,,,,,,,,,,,,,,,,,,,
"Nov 29, 2010 9:00 PM",,,,,,,,,,,,,0,0,0,,,,,,,,,,,,,,,,,,,,,
"Nov 29, 2010 10:00 PM",,,,,,,,,,,,,0,0,0,,,,,,,,,,,,,,,,,,,,,
"Nov 29, 2010 11:00 PM",,,,,,,,,,,,,0,0,0,,,,,,,,,,,,,,,,,,,,,
"Nov 30, 2010 12:00 AM",,,,,,,,,,,,,0,0,0,,,,,,,,,,,,,,,,,,,,,
"Nov 30, 2010 1:00 AM",,,,,,,,,,,,,0,0,0,,,,,,,,,,,,,,,,,,,,,
"Nov 30, 2010 2:00 AM",,,,,,,,,,,,,0,0,0,,,,,,,,,,,,,,,,,,,,,
"Nov 30, 2010 3:00 AM",,,,,,,,,,,,,0,0,0,,,,,,,,,,,,,,,,,,,,,
"Nov 30, 2010 4:00 AM",,,,,,,,,,,,,0,0,0,,,,,,,,,,,,,,,,,,,,,
"Nov 30, 2010 5:00 AM",,,,,,,,,,,,,18,10,8,,,,,,,,,,,,,,,,,,,,,
"Nov 30, 2010 6:00 AM",,,,,,,,,,,,,6,6,0,,,,,,,,,,,,,,,,,,,,,
"Nov 30, 2010 7:00 AM",,,,,,,,,,,,,3,0,3,,,,,,,,,,,,,,,,,,,,,
"Nov 30, 2010 8:00 AM",,,,,,,,,,,,,1,1,0,,,,,,,,,,,,,,,,,,,,,
"Nov 30, 2010 9:00 AM",,,,,,,,,,,,,2,1,1,,,,,,,,,,,,,,,,,,,,,
"Nov 30, 2010 10:00 AM",,,,,,,,,,,,,2,2,0,,,,,,,,,,,,,,,,,,,,,
"Nov 30, 2010 11:00 AM",,,,,,,,,,,,,0,0,0,,,,,,,,,,,,,,,,,,,,,
"Nov 30, 2010 12:00 PM",,,,,,,,,,,,,0,0,0,,,,,,,,,,,,,,,,,,,,,
"Nov 30, 2010 1:00 PM",,,,,,,,,,,,,1,0,1,,,,,,,,,,,,,,,,,,,,,
"Nov 30, 2010 2:00 PM",,,,,,,,,,,,,0,0,0,,,,,,,,,,,,,,,,,,,,,
"Nov 30, 2010 3:00 PM",,,,,,,,,,,,,0,0,0,,,,,,,,,,,,,,,,,,,,,
"Nov 30, 2010 4:00 PM",,,,,,,,,,,,,0,0,0,,,,,,,,,,,,,,,,,,,,,
"Nov 30, 2010 5:00 PM",,,,,,,,,,,,,0,0,0,,,,,,,,,,,,,,,,,,,,,
"Nov 30, 2010 6:00 PM",,,,,,,,,,,,,2,1,1,,,,,,,,,,,,,,,,,,,,,
"Nov 30, 2010 7:00 PM",,,,,,,,,,,,,5,2,3,,,,,,,,,,,,,,,,,,,,,
"Nov 30, 2010 8:00 PM",,,,,,,,,,,,,8,2,6,,,,,,,,,,,,,,,,,,,,,
"Nov 30, 2010 9:00 PM",,,,,,,,,,,,,8,2,6,,,,,,,,,,,,,,,,,,,,,
"Nov 30, 2010 10:00 PM",,,,,,,,,,,,,2,1,1,,,,,,,,,,,,,,,,,,,,,
"Nov 30, 2010 11:00 PM",,,,,,,,,,,,,1,0,1,,,,,,,,,,,,,,,,,,,,,
"Dec 1, 2010 12:00 AM",,,,,,,,,,,,,7,6,1,,,,,,,,,,,,,,,,,,,,,
"Dec 1, 2010 1:00 AM",,,,,,,,,,,,,4,0,4,,,,,,,,,,,,,,,,,,,,,
"Dec 1, 2010 2:00 AM",,,,,,,,,,,,,3,2,1,,,,,,,,,,,,,,,,,,,,,
"Dec 1, 2010 3:00 AM",,,,,,,,,,,,,4,1,3,,,,,,,,,,,,,,,,,,,,,
"Dec 1, 2010 4:00 AM",,,,,,,,,,,,,4,4,0,,,,,,,,,,,,,,,,,,,,,
"Dec 1, 2010 5:00 AM",,,,,,,,,,,,,0,0,0,,,,,,,,,,,,,,,,,,,,,
"Dec 1, 2010 6:00 AM",,,,,,,,,,,,,0,0,0,,,,,,,,,,,,,,,,,,,,,
"Dec 1, 2010 7:00 AM",,,,,,,,,,,,,0,0,0,,,,,,,,,,,,,,,,,,,,,
"Dec 1, 2010 8:00 AM",,,,,,,,,,,,,1,0,1,,,,,,,,,,,,,,,,,,,,,
"Dec 1, 2010 9:00 AM",,,,,,,,,,,,,0,0,0,,,,,,,,,,,,,,,,,,,,,
"Dec 1, 2010 10:00 AM",,,,,,,,,,,,,0,0,0,,,,,,,,,,,,,,,,,,,,,
"Dec 1, 2010 11:00 AM",,,,,,,,,,,,,1,1,0,,,,,,,,,,,,,,,,,,,,,
"Dec 1, 2010 12:00 PM",,,,,,,,,,,,,0,0,0,,,,,,,,,,,,,,,,,,,,,
"Dec 1, 2010 1:00 PM",,,,,,,,,,,,,0,0,0,,,,,,,,,,,,,,,,,,,,,
"Dec 1, 2010 2:00 PM",,,,,,,,,,,,,1,1,0,,,,,,,,,,,,,,,,,,,,,
"Dec 1, 2010 3:00 PM",,,,,,,,,,,,,3,3,0,,,,,,,,,,,,,,,,,,,,,
"Dec 1, 2010 4:00 PM",,,,,,,,,,,,,0,0,0,,,,,,,,,,,,,,,,,,,,,
"Dec 1, 2010 5:00 PM",,,,,,,,,,,,,2,0,2,,,,,,,,,,,,,,,,,,,,,
"Dec 1, 2010 6:00 PM",,,,,,,,,,,,,1,0,1,,,,,,,,,,,,,,,,,,,,,
"Dec 1, 2010 7:00 PM",,,,,,,,,,,,,0,0,0,,,,,,,,,,,,,,,,,,,,,
"Dec 1, 2010 8:00 PM",,,,,,,,,,,,,0,0,0,,,,,,,,,,,,,,,,,,,,,
"Dec 1, 2010 9:00 PM",,,,,,,,,,,,,0,0,0,,,,,,,,,,,,,,,,,,,,,
"Dec 1, 2010 10:00 PM",,,,,,,,,,,,,0,0,0,,,,,,,,,,,,,,,,,,,,,
"Dec 1, 2010 11:00 PM",,,,,,,,,,,,,0,0,0,,,,,,,,,,,,,,,,,,,,,
"Dec 2, 2010 12:00 AM",,,,,,,,,,,,,0,0,0,,,,,,,,,,,,,,,,,,,,,
"Dec 2, 2010 1:00 AM",,,,,,,,,,,,,0,0,0,,,,,,,,,,,,,,,,,,,,,
"Dec 2, 2010 2:00 AM",,,,,,,,,,,,,0,0,0,,,,,,,,,,,,,,,,,,,,,
"Dec 2, 2010 3:00 AM",,,,,,,,,,,,,0,0,0,,,,,,,,,,,,,,,,,,,,,
"Dec 2, 2010 4:00 AM",,,,,,,,,,,,,0,0,0,,,,,,,,,,,,,,,,,,,,,
"Dec 2, 2010 5:00 AM",,,,,,,,,,,,,0,0,0,,,,,,,,,,,,,,,,,,,,,
"Dec 2, 2010 6:00 AM",,,,,,,,,,,,,0,0,0,,,,,,,,,,,,,,,,,,,,,
"Dec 2, 2010 7:00 AM",,,,,,,,,,,,,0,0,0,,,,,,,,,,,,,,,,,,,,,
"Dec 2, 2010 8:00 AM",,,,,,,,,,,,,0,0,0,,,,,,,,,,,,,,,,,,,,,
"Dec 2, 2010 9:00 AM",,,,,,,,,,,,,0,0,0,,,,,,,,,,,,,,,,,,,,,
"Dec 2, 2010 10:00 AM",,,,,,,,,,,,,1,0,1,,,,,,,,,,,,,,,,,,,,,
"Dec 2, 2010 11:00 AM",,,,,,,,,,,,,0,0,0,,,,,,,,,,,,,,,,,,,,,
"Dec 2, 2010 12:00 PM",,,,,,,,,,,,,1,1,0,,,,,,,,,,,,,,,,,,,,,
"Dec 2, 2010 1:00 PM",,,,,,,,,,,,,1,1,0,,,,,,,,,,,,,,,,,,,,,
"Dec 2, 2010 2:00 PM",,,,,,,,,,,,,1,0,1,,,,,,,,,,,,,,,,,,,,,
"Dec 2, 2010 3:00 PM",,,,,,,,,,,,,0,0,0,,,,,,,,,,,,,,,,,,,,,
"Dec 2, 2010 4:00 PM",,,,,,,,,,,,,1,0,1,,,,,,,,,,,,,,,,,,,,,
"Dec 2, 2010 5:00 PM",,,,,,,,,,,,,0,0,0,,,,,,,,,,,,,,,,,,,,,
"Dec 2, 2010 6:00 PM",,,,,,,,,,,,,0,0,0,,,,,,,,,,,,,,,,,,,,,
"Dec 2, 2010 7:00 PM",,,,,,,,,,,,,1,1,0,,,,,,,,,,,,,,,,,,,,,
"Dec 2, 2010 8:00 PM",,,,,,,,,,,,,0,0,0,,,,,,,,,,,,,,,,,,,,,
"Dec 2, 2010 9:00 PM",,,,,,,,,,,,,0,0,0,,,,,,,,,,,,,,,,,,,,,
"Dec 2, 2010 10:00 PM",,,,,,,,,,,,,0,0,0,,,,,,,,,,,,,,,,,,,,,
"Dec 2, 2010 11:00 PM",,,,,,,,,,,,,0,0,0,,,,,,,,,,,,,,,,,,,,,
"Dec 3, 2010 12:00 AM",,,,,,,,,,,,,0,0,0,,,,,,,,,,,,,,,,,,,,,
"Dec 3, 2010 1:00 AM",,,,,,,,,,,,,0,0,0,,,,,,,,,,,,,,,,,,,,,
"Dec 3, 2010 2:00 AM",,,,,,,,,,,,,0,0,0,,,,,,,,,,,,,,,,,,,,,
"Dec 3, 2010 3:00 AM",,,,,,,,,,,,,0,0,0,,,,,,,,,,,,,,,,,,,,,
"Dec 3, 2010 4:00 AM",,,,,,,,,,,,,0,0,0,,,,,,,,,,,,,,,,,,,,,
"Dec 3, 2010 5:00 AM",,,,,,,,,,,,,0,0,0,,,,,,,,,,,,,,,,,,,,,
"Dec 3, 2010 6:00 AM",,,,,,,,,,,,,0,0,0,,,,,,,,,,,,,,,,,,,,,
"Dec 3, 2010 7:00 AM",,,,,,,,,,,,,0,0,0,,,,,,,,,,,,,,,,,,,,,
"Dec 3, 2010 8:00 AM",,,,,,,,,,,,,0,0,0,,,,,,,,,,,,,,,,,,,,,
"Dec 3, 2010 9:00 AM",,,,,,,,,,,,,0,0,0,,,,,,,,,,,,,,,,,,,,,
"Dec 3, 2010 10:00 AM",,,,,,,,,,,,,3,2,1,,,,,,,,,,,,,,,,,,,,,
"Dec 3, 2010 11:00 AM",,,,,,,,,,,,,1,1,0,,,,,,,,,,,,,,,,,,,,,
"Dec 3, 2010 12:00 PM",,,,,,,,,,,,,1,1,0,,,,,,,,,,,,,,,,,,,,,
"Dec 3, 2010 1:00 PM",,,,,,,,,,,,,0,0,0,,,,,,,,,,,,,,,,,,,,,
"Dec 3, 2010 2:00 PM",,,,,,,,,,,,,0,0,0,,,,,,,,,,,,,,,,,,,,,
"Dec 3, 2010 3:00 PM",,,,,,,,,,,,,0,0,0,,,,,,,,,,,,,,,,,,,,,
"Dec 3, 2010 4:00 PM",,,,,,,,,,,,,0,0,0,,,,,,,,,,,,,,,,,,,,,
"Dec 3, 2010 5:00 PM",,,,,,,,,,,,,0,0,0,,,,,,,,,,,,,,,,,,,,,
"Dec 3, 2010 6:00 PM",,,,,,,,,,,,,0,0,0,,,,,,,,,,,,,,,,,,,,,
"Dec 3, 2010 7:00 PM",,,,,,,,,,,,,0,0,0,,,,,,,,,,,,,,,,,,,,,
"Dec 3, 2010 8:00 PM",,,,,,,,,,,,,0,0,0,,,,,,,,,,,,,,,,,,,,,
"Dec 3, 2010 9:00 PM",,,,,,,,,,,,,0,0,0,,,,,,,,,,,,,,,,,,,,,
"Dec 3, 2010 10:00 PM",,,,,,,,,,,,,0,0,0,,,,,,,,,,,,,,,,,,,,,
"Dec 3, 2010 11:00 PM",,,,,,,,,,,,,0,0,0,,,,,,,,,,,,,,,,,,,,,
"Dec 4, 2010 12:00 AM",,,,,,,,,,,,,0,0,0,,,,,,,,,,,,,,,,,,,,,
"Dec 4, 2010 1:00 AM",,,,,,,,,,,,,0,0,0,,,,,,,,,,,,,,,,,,,,,
"Dec 4, 2010 2:00 AM",,,,,,,,,,,,,0,0,0,,,,,,,,,,,,,,,,,,,,,
"Dec 4, 2010 3:00 AM",,,,,,,,,,,,,0,0,0,,,,,,,,,,,,,,,,,,,,,
"Dec 4, 2010 4:00 AM",,,,,,,,,,,,,0,0,0,,,,,,,,,,,,,,,,,,,,,
"Dec 4, 2010 5:00 AM",,,,,,,,,,,,,0,0,0,,,,,,,,,,,,,,,,,,,,,
"Dec 4, 2010 6:00 AM",,,,,,,,,,,,,0,0,0,,,,,,,,,,,,,,,,,,,,,
"Dec 4, 2010 7:00 AM",,,,,,,,,,,,,0,0,0,,,,,,,,,,,,,,,,,,,,,
"Dec 4, 2010 8:00 AM",,,,,,,,,,,,,0,0,0,,,,,,,,,,,,,,,,,,,,,
"Dec 4, 2010 9:00 AM",,,,,,,,,,,,,0,0,0,,,,,,,,,,,,,,,,,,,,,
"Dec 4, 2010 10:00 AM",,,,,,,,,,,,,1,0,1,,,,,,,,,,,,,,,,,,,,,
"Dec 4, 2010 11:00 AM",,,,,,,,,,,,,0,0,0,,,,,,,,,,,,,,,,,,,,,
"Dec 4, 2010 12:00 PM",,,,,,,,,,,,,0,0,0,,,,,,,,,,,,,,,,,,,,,
"Dec 4, 2010 1:00 PM",,,,,,,,,,,,,0,0,0,,,,,,,,,,,,,,,,,,,,,
"Dec 4, 2010 2:00 PM",,,,,,,,,,,,,0,0,0,,,,,,,,,,,,,,,,,,,,,
"Dec 4, 2010 3:00 PM",,,,,,,,,,,,,1,1,0,,,,,,,,,,,,,,,,,,,,,
"Dec 4, 2010 4:00 PM",,,,,,,,,,,,,0,0,0,,,,,,,,,,,,,,,,,,,,,
"Dec 4, 2010 5:00 PM",,,,,,,,,,,,,0,0,0,,,,,,,,,,,,,,,,,,,,,
"Dec 4, 2010 6:00 PM",,,,,,,,,,,,,0,0,0,,,,,,,,,,,,,,,,,,,,,
"Dec 4, 2010 7:00 PM",,,,,,,,,,,,,0,0,0,,,,,,,,,,,,,,,,,,,,,
"Dec 4, 2010 8:00 PM",,,,,,,,,,,,,0,0,0,,,,,,,,,,,,,,,,,,,,,
"Dec 4, 2010 9:00 PM",,,,,,,,,,,,,0,0,0,,,,,,,,,,,,,,,,,,,,,
"Dec 4, 2010 10:00 PM",,,,,,,,,,,,,0,0,0,,,,,,,,,,,,,,,,,,,,,
"Dec 4, 2010 11:00 PM",,,,,,,,,,,,,0,0,0,,,,,,,,,,,,,,,,,,,,,
"Dec 5, 2010 12:00 AM",,,,,,,,,,,,,0,0,0,,,,,,,,,,,,,,,,,,,,,
"Dec 5, 2010 1:00 AM",,,,,,,,,,,,,0,0,0,,,,,,,,,,,,,,,,,,,,,
"Dec 5, 2010 2:00 AM",,,,,,,,,,,,,0,0,0,,,,,,,,,,,,,,,,,,,,,
"Dec 5, 2010 3:00 AM",,,,,,,,,,,,,0,0,0,,,,,,,,,,,,,,,,,,,,,
"Dec 5, 2010 4:00 AM",,,,,,,,,,,,,0,0,0,,,,,,,,,,,,,,,,,,,,,
"Dec 5, 2010 5:00 AM",,,,,,,,,,,,,0,0,0,,,,,,,,,,,,,,,,,,,,,
"Dec 5, 2010 6:00 AM",,,,,,,,,,,,,0,0,0,,,,,,,,,,,,,,,,,,,,,
"Dec 5, 2010 7:00 AM",,,,,,,,,,,,,0,0,0,,,,,,,,,,,,,,,,,,,,,
"Dec 5, 2010 8:00 AM",,,,,,,,,,,,,0,0,0,,,,,,,,,,,,,,,,,,,,,
"Dec 5, 2010 9:00 AM",,,,,,,,,,,,,0,0,0,,,,,,,,,,,,,,,,,,,,,
"Dec 5, 2010 10:00 AM",,,,,,,,,,,,,1,0,1,,,,,,,,,,,,,,,,,,,,,
"Dec 5, 2010 11:00 AM",,,,,,,,,,,,,0,0,0,,,,,,,,,,,,,,,,,,,,,
"Dec 5, 2010 12:00 PM",,,,,,,,,,,,,1,1,0,,,,,,,,,,,,,,,,,,,,,
"Dec 5, 2010 1:00 PM",,,,,,,,,,,,,0,0,0,,,,,,,,,,,,,,,,,,,,,
"Dec 5, 2010 2:00 PM",,,,,,,,,,,,,1,0,1,,,,,,,,,,,,,,,,,,,,,
"Dec 5, 2010 3:00 PM",,,,,,,,,,,,,1,0,1,,,,,,,,,,,,,,,,,,,,,
"Dec 5, 2010 4:00 PM",,,,,,,,,,,,,0,0,0,,,,,,,,,,,,,,,,,,,,,
"Dec 5, 2010 5:00 PM",,,,,,,,,,,,,3,2,1,,,,,,,,,,,,,,,,,,,,,
"Dec 5, 2010 6:00 PM",,,,,,,,,,,,,0,0,0,,,,,,,,,,,,,,,,,,,,,
"Dec 5, 2010 7:00 PM",,,,,,,,,,,,,1,1,0,,,,,,,,,,,,,,,,,,,,,
"Dec 5, 2010 8:00 PM",,,,,,,,,,,,,0,0,0,,,,,,,,,,,,,,,,,,,,,
"Dec 5, 2010 9:00 PM",,,,,,,,,,,,,0,0,0,,,,,,,,,,,,,,,,,,,,,
"Dec 5, 2010 10:00 PM",,,,,,,,,,,,,0,0,0,,,,,,,,,,,,,,,,,,,,,
"Dec 5, 2010 11:00 PM",,,,,,,,,,,,,0,0,0,,,,,,,,,,,,,,,,,,,,,
"Dec 6, 2010 12:00 AM",,,,,,,,,,,,,0,0,0,,,,,,,,,,,,,,,,,,,,,
"Dec 6, 2010 1:00 AM",,,,,,,,,,,,,0,0,0,,,,,,,,,,,,,,,,,,,,,
"Dec 6, 2010 2:00 AM",,,,,,,,,,,,,0,0,0,,,,,,,,,,,,,,,,,,,,,
"Dec 6, 2010 3:00 AM",,,,,,,,,,,,,0,0,0,,,,,,,,,,,,,,,,,,,,,
"Dec 6, 2010 4:00 AM",,,,,,,,,,,,,0,0,0,,,,,,,,,,,,,,,,,,,,,
"Dec 6, 2010 5:00 AM",,,,,,,,,,,,,0,0,0,,,,,,,,,,,,,,,,,,,,,
"Dec 6, 2010 6:00 AM",,,,,,,,,,,,,0,0,0,,,,,,,,,,,,,,,,,,,,,
"Dec 6, 2010 7:00 AM",,,,,,,,,,,,,0,0,0,,,,,,,,,,,,,,,,,,,,,
"Dec 6, 2010 8:00 AM",,,,,,,,,,,,,1,0,1,,,,,,,,,,,,,,,,,,,,,
"Dec 6, 2010 9:00 AM",,,,,,,,,,,,,0,0,0,,,,,,,,,,,,,,,,,,,,,
"Dec 6, 2010 10:00 AM",,,,,,,,,,,,,0,0,0,,,,,,,,,,,,,,,,,,,,,
"Dec 6, 2010 11:00 AM",,,,,,,,,,,,,0,0,0,,,,,,,,,,,,,,,,,,,,,
"Dec 6, 2010 12:00 PM",,,,,,,,,,,,,1,0,1,,,,,,,,,,,,,,,,,,,,,
"Dec 6, 2010 1:00 PM",,,,,,,,,,,,,0,0,0,,,,,,,,,,,,,,,,,,,,,
"Dec 6, 2010 2:00 PM",,,,,,,,,,,,,3,2,1,,,,,,,,,,,,,,,,,,,,,
"Dec 6, 2010 3:00 PM",,,,,,,,,,,,,0,0,0,,,,,,,,,,,,,,,,,,,,,
"Dec 6, 2010 4:00 PM",,,,,,,,,,,,,1,1,0,,,,,,,,,,,,,,,,,,,,,
"Dec 6, 2010 5:00 PM",,,,,,,,,,,,,0,0,0,,,,,,,,,,,,,,,,,,,,,
"Dec 6, 2010 6:00 PM",,,,,,,,,,,,,1,0,1,,,,,,,,,,,,,,,,,,,,,
"Dec 6, 2010 7:00 PM",,,,,,,,,,,,,0,0,0,,,,,,,,,,,,,,,,,,,,,
"Dec 6, 2010 8:00 PM",,,,,,,,,,,,,0,0,0,,,,,,,,,,,,,,,,,,,,,
"Dec 6, 2010 9:00 PM",,,,,,,,,,,,,0,0,0,,,,,,,,,,,,,,,,,,,,,
"Dec 6, 2010 10:00 PM",,,,,,,,,,,,,0,0,0,,,,,,,,,,,,,,,,,,,,,
"Dec 6, 2010 11:00 PM",,,,,,,,,,,,,0,0,0,,,,,,,,,,,,,,,,,,,,,
"Dec 7, 2010 12:00 AM",,,,,,,,,,,,,0,0,0,,,,,,,,,,,,,,,,,,,,,
"Dec 7, 2010 1:00 AM",,,,,,,,,,,,,0,0,0,,,,,,,,,,,,,,,,,,,,,
"Dec 7, 2010 2:00 AM",,,,,,,,,,,,,0,0,0,,,,,,,,,,,,,,,,,,,,,
"Dec 7, 2010 3:00 AM",,,,,,,,,,,,,0,0,0,,,,,,,,,,,,,,,,,,,,,
"Dec 7, 2010 4:00 AM",,,,,,,,,,,,,0,0,0,,,,,,,,,,,,,,,,,,,,,
"Dec 7, 2010 5:00 AM",,,,,,,,,,,,,0,0,0,,,,,,,,,,,,,,,,,,,,,
"Dec 7, 2010 6:00 AM",,,,,,,,,,,,,0,0,0,,,,,,,,,,,,,,,,,,,,,
"Dec 7, 2010 7:00 AM",,,,,,,,,,,,,0,0,0,,,,,,,,,,,,,,,,,,,,,
"Dec 7, 2010 8:00 AM",,,,,,,,,,,,,2,1,1,,,,,,,,,,,,,,,,,,,,,
"Dec 7, 2010 9:00 AM",,,,,,,,,,,,,0,0,0,,,,,,,,,,,,,,,,,,,,,
"Dec 7, 2010 10:00 AM",,,,,,,,,,,,,0,0,0,,,,,,,,,,,,,,,,,,,,,
"Dec 7, 2010 11:00 AM",,,,,,,,,,,,,1,1,0,,,,,,,,,,,,,,,,,,,,,
"Dec 7, 2010 12:00 PM",,,,,,,,,,,,,0,0,0,,,,,,,,,,,,,,,,,,,,,
"Dec 7, 2010 1:00 PM",,,,,,,,,,,,,0,0,0,,,,,,,,,,,,,,,,,,,,,
"Dec 7, 2010 2:00 PM",,,,,,,,,,,,,1,1,0,,,,,,,,,,,,,,,,,,,,,
"Dec 7, 2010 3:00 PM",,,,,,,,,,,,,0,0,0,,,,,,,,,,,,,,,,,,,,,
"Dec 7, 2010 4:00 PM",,,,,,,,,,,,,0,0,0,,,,,,,,,,,,,,,,,,,,,
"Dec 7, 2010 5:00 PM",,,,,,,,,,,,,0,0,0,,,,,,,,,,,,,,,,,,,,,
"Dec 7, 2010 6:00 PM",,,,,,,,,,,,,0,0,0,,,,,,,,,,,,,,,,,,,,,
"Dec 7, 2010 7:00 PM",,,,,,,,,,,,,0,0,0,,,,,,,,,,,,,,,,,,,,,
"Dec 7, 2010 8:00 PM",,,,,,,,,,,,,0,0,0,,,,,,,,,,,,,,,,,,,,,
"Dec 7, 2010 9:00 PM",,,,,,,,,,,,,0,0,0,,,,,,,,,,,,,,,,,,,,,
"Dec 7, 2010 10:00 PM",,,,,,,,,,,,,0,0,0,,,,,,,,,,,,,,,,,,,,,
"Dec 7, 2010 11:00 PM",,,,,,,,,,,,,0,0,0,,,,,,,,,,,,,,,,,,,,,
"Dec 8, 2010 12:00 AM",,,,,,,,,,,,,0,0,0,,,,,,,,,,,,,,,,,,,,,
"Dec 8, 2010 1:00 AM",,,,,,,,,,,,,0,0,0,,,,,,,,,,,,,,,,,,,,,
"Dec 8, 2010 2:00 AM",,,,,,,,,,,,,0,0,0,,,,,,,,,,,,,,,,,,,,,
"Dec 8, 2010 3:00 AM",,,,,,,,,,,,,0,0,0,,,,,,,,,,,,,,,,,,,,,
"Dec 8, 2010 4:00 AM",,,,,,,,,,,,,0,0,0,,,,,,,,,,,,,,,,,,,,,
"Dec 8, 2010 5:00 AM",,,,,,,,,,,,,0,0,0,,,,,,,,,,,,,,,,,,,,,
"Dec 8, 2010 6:00 AM",,,,,,,,,,,,,0,0,0,,,,,,,,,,,,,,,,,,,,,
"Dec 8, 2010 7:00 AM",,,,,,,,,,,,,0,0,0,,,,,,,,,,,,,,,,,,,,,
"Dec 8, 2010 8:00 AM",,,,,,,,,,,,,1,1,0,,,,,,,,,,,,,,,,,,,,,
"Dec 8, 2010 9:00 AM",,,,,,,,,,,,,0,0,0,,,,,,,,,,,,,,,,,,,,,
"Dec 8, 2010 10:00 AM",,,,,,,,,,,,,1,0,1,,,,,,,,,,,,,,,,,,,,,
"Dec 8, 2010 11:00 AM",,,,,,,,,,,,,0,0,0,,,,,,,,,,,,,,,,,,,,,
"Dec 8, 2010 12:00 PM",,,,,,,,,,,,,2,1,1,,,,,,,,,,,,,,,,,,,,,
"Dec 8, 2010 1:00 PM",,,,,,,,,,,,,0,0,0,,,,,,,,,,,,,,,,,,,,,
"Dec 8, 2010 2:00 PM",,,,,,,,,,,,,0,0,0,,,,,,,,,,,,,,,,,,,,,
"Dec 8, 2010 3:00 PM",,,,,,,,,,,,,0,0,0,,,,,,,,,,,,,,,,,,,,,
"Dec 8, 2010 4:00 PM",,,,,,,,,,,,,0,0,0,,,,,,,,,,,,,,,,,,,,,
"Dec 8, 2010 5:00 PM",,,,,,,,,,,,,0,0,0,,,,,,,,,,,,,,,,,,,,,
"Dec 8, 2010 6:00 PM",,,,,,,,,,,,,0,0,0,,,,,,,,,,,,,,,,,,,,,
"Dec 8, 2010 7:00 PM",,,,,,,,,,,,,0,0,0,,,,,,,,,,,,,,,,,,,,,
"Dec 8, 2010 8:00 PM",,,,,,,,,,,,,1,1,0,,,,,,,,,,,,,,,,,,,,,
"Dec 8, 2010 9:00 PM",,,,,,,,,,,,,0,0,0,,,,,,,,,,,,,,,,,,,,,
"Dec 8, 2010 10:00 PM",,,,,,,,,,,,,1,1,0,,,,,,,,,,,,,,,,,,,,,
"Dec 8, 2010 11:00 PM",,,,,,,,,,,,,0,0,0,,,,,,,,,,,,,,,,,,,,,
"Dec 9, 2010 12:00 AM",,,,,,,,,,,,,0,0,0,,,,,,,,,,,,,,,,,,,,,
"Dec 9, 2010 1:00 AM",,,,,,,,,,,,,0,0,0,,,,,,,,,,,,,,,,,,,,,
"Dec 9, 2010 2:00 AM",,,,,,,,,,,,,0,0,0,,,,,,,,,,,,,,,,,,,,,
"Dec 9, 2010 3:00 AM",,,,,,,,,,,,,0,0,0,,,,,,,,,,,,,,,,,,,,,
"Dec 9, 2010 4:00 AM",,,,,,,,,,,,,0,0,0,,,,,,,,,,,,,,,,,,,,,
"Dec 9, 2010 5:00 AM",,,,,,,,,,,,,0,0,0,,,,,,,,,,,,,,,,,,,,,
"Dec 9, 2010 6:00 AM",,,,,,,,,,,,,0,0,0,,,,,,,,,,,,,,,,,,,,,
"Dec 9, 2010 7:00 AM",,,,,,,,,,,,,0,0,0,,,,,,,,,,,,,,,,,,,,,
"Dec 9, 2010 8:00 AM",,,,,,,,,,,,,1,0,1,,,,,,,,,,,,,,,,,,,,,
"Dec 9, 2010 9:00 AM",,,,,,,,,,,,,0,0,0,,,,,,,,,,,,,,,,,,,,,
"Dec 9, 2010 10:00 AM",,,,,,,,,,,,,0,0,0,,,,,,,,,,,,,,,,,,,,,
"Dec 9, 2010 11:00 AM",,,,,,,,,,,,,2,2,0,,,,,,,,,,,,,,,,,,,,,
"Dec 9, 2010 12:00 PM",,,,,,,,,,,,,0,0,0,,,,,,,,,,,,,,,,,,,,,
"Dec 9, 2010 1:00 PM",,,,,,,,,,,,,0,0,0,,,,,,,,,,,,,,,,,,,,,
"Dec 9, 2010 2:00 PM",,,,,,,,,,,,,1,1,0,,,,,,,,,,,,,,,,,,,,,
"Dec 9, 2010 3:00 PM",,,,,,,,,,,,,0,0,0,,,,,,,,,,,,,,,,,,,,,
"Dec 9, 2010 4:00 PM",,,,,,,,,,,,,0,0,0,,,,,,,,,,,,,,,,,,,,,
"Dec 9, 2010 5:00 PM",,,,,,,,,,,,,0,0,0,,,,,,,,,,,,,,,,,,,,,
"Dec 9, 2010 6:00 PM",,,,,,,,,,,,,1,1,0,,,,,,,,,,,,,,,,,,,,,
"Dec 9, 2010 7:00 PM",,,,,,,,,,,,,0,0,0,,,,,,,,,,,,,,,,,,,,,
"Dec 9, 2010 8:00 PM",,,,,,,,,,,,,0,0,0,,,,,,,,,,,,,,,,,,,,,
"Dec 9, 2010 9:00 PM",,,,,,,,,,,,,0,0,0,,,,,,,,,,,,,,,,,,,,,
"Dec 9, 2010 10:00 PM",,,,,,,,,,,,,0,0,0,,,,,,,,,,,,,,,,,,,,,
"Dec 9, 2010 11:00 PM",,,,,,,,,,,,,0,0,0,,,,,,,,,,,,,,,,,,,,,
"Dec 10, 2010 12:00 AM",,,,,,,,,,,,,0,0,0,,,,,,,,,,,,,,,,,,,,,
"Dec 10, 2010 1:00 AM",,,,,,,,,,,,,0,0,0,,,,,,,,,,,,,,,,,,,,,
"Dec 10, 2010 2:00 AM",,,,,,,,,,,,,0,0,0,,,,,,,,,,,,,,,,,,,,,
"Dec 10, 2010 3:00 AM",,,,,,,,,,,,,0,0,0,,,,,,,,,,,,,,,,,,,,,
"Dec 10, 2010 4:00 AM",,,,,,,,,,,,,0,0,0,,,,,,,,,,,,,,,,,,,,,
"Dec 10, 2010 5:00 AM",,,,,,,,,,,,,0,0,0,,,,,,,,,,,,,,,,,,,,,
"Dec 10, 2010 6:00 AM",,,,,,,,,,,,,0,0,0,,,,,,,,,,,,,,,,,,,,,
"Dec 10, 2010 7:00 AM",,,,,,,,,,,,,0,0,0,,,,,,,,,,,,,,,,,,,,,
"Dec 10, 2010 8:00 AM",,,,,,,,,,,,,0,0,0,,,,,,,,,,,,,,,,,,,,,
"Dec 10, 2010 9:00 AM",,,,,,,,,,,,,1,1,0,,,,,,,,,,,,,,,,,,,,,
"Dec 10, 2010 10:00 AM",,,,,,,,,,,,,2,0,2,,,,,,,,,,,,,,,,,,,,,
"Dec 10, 2010 11:00 AM",,,,,,,,,,,,,0,0,0,,,,,,,,,,,,,,,,,,,,,
"Dec 10, 2010 12:00 PM",,,,,,,,,,,,,1,1,0,,,,,,,,,,,,,,,,,,,,,
"Dec 10, 2010 1:00 PM",,,,,,,,,,,,,1,1,0,,,,,,,,,,,,,,,,,,,,,
"Dec 10, 2010 2:00 PM",,,,,,,,,,,,,0,0,0,,,,,,,,,,,,,,,,,,,,,
"Dec 10, 2010 3:00 PM",,,,,,,,,,,,,0,0,0,,,,,,,,,,,,,,,,,,,,,
"Dec 10, 2010 4:00 PM",,,,,,,,,,,,,0,0,0,,,,,,,,,,,,,,,,,,,,,
"Dec 10, 2010 5:00 PM",,,,,,,,,,,,,1,1,0,,,,,,,,,,,,,,,,,,,,,
"Dec 10, 2010 6:00 PM",,,,,,,,,,,,,2,1,1,,,,,,,,,,,,,,,,,,,,,
"Dec 10, 2010 7:00 PM",,,,,,,,,,,,,0,0,0,,,,,,,,,,,,,,,,,,,,,
"Dec 10, 2010 8:00 PM",,,,,,,,,,,,,0,0,0,,,,,,,,,,,,,,,,,,,,,
"Dec 10, 2010 9:00 PM",,,,,,,,,,,,,1,1,0,,,,,,,,,,,,,,,,,,,,,
"Dec 10, 2010 10:00 PM",,,,,,,,,,,,,0,0,0,,,,,,,,,,,,,,,,,,,,,
"Dec 10, 2010 11:00 PM",,,,,,,,,,,,,0,0,0,,,,,,,,,,,,,,,,,,,,,
"Dec 11, 2010 12:00 AM",,,,,,,,,,,,,0,0,0,,,,,,,,,,,,,,,,,,,,,
"Dec 11, 2010 1:00 AM",,,,,,,,,,,,,0,0,0,,,,,,,,,,,,,,,,,,,,,
"Dec 11, 2010 2:00 AM",,,,,,,,,,,,,0,0,0,,,,,,,,,,,,,,,,,,,,,
"Dec 11, 2010 3:00 AM",,,,,,,,,,,,,0,0,0,,,,,,,,,,,,,,,,,,,,,
"Dec 11, 2010 4:00 AM",,,,,,,,,,,,,0,0,0,,,,,,,,,,,,,,,,,,,,,
"Dec 11, 2010 5:00 AM",,,,,,,,,,,,,0,0,0,,,,,,,,,,,,,,,,,,,,,
"Dec 11, 2010 6:00 AM",,,,,,,,,,,,,0,0,0,,,,,,,,,,,,,,,,,,,,,
"Dec 11, 2010 7:00 AM",,,,,,,,,,,,,0,0,0,,,,,,,,,,,,,,,,,,,,,
"Dec 11, 2010 8:00 AM",,,,,,,,,,,,,1,0,1,,,,,,,,,,,,,,,,,,,,,
"Dec 11, 2010 9:00 AM",,,,,,,,,,,,,0,0,0,,,,,,,,,,,,,,,,,,,,,
"Dec 11, 2010 10:00 AM",,,,,,,,,,,,,4,1,3,,,,,,,,,,,,,,,,,,,,,
"Dec 11, 2010 11:00 AM",,,,,,,,,,,,,4,3,1,,,,,,,,,,,,,,,,,,,,,
"Dec 11, 2010 12:00 PM",,,,,,,,,,,,,5,2,3,,,,,,,,,,,,,,,,,,,,,
"Dec 11, 2010 1:00 PM",,,,,,,,,,,,,6,3,3,,,,,,,,,,,,,,,,,,,,,
"Dec 11, 2010 2:00 PM",,,,,,,,,,,,,6,1,5,,,,,,,,,,,,,,,,,,,,,
"Dec 11, 2010 3:00 PM",,,,,,,,,,,,,1,1,0,,,,,,,,,,,,,,,,,,,,,
"Dec 11, 2010 4:00 PM",,,,,,,,,,,,,3,2,1,,,,,,,,,,,,,,,,,,,,,
"Dec 11, 2010 5:00 PM",,,,,,,,,,,,,3,3,0,,,,,,,,,,,,,,,,,,,,,
"Dec 11, 2010 6:00 PM",,,,,,,,,,,,,2,2,0,,,,,,,,,,,,,,,,,,,,,
"Dec 11, 2010 7:00 PM",,,,,,,,,,,,,0,0,0,,,,,,,,,,,,,,,,,,,,,
"Dec 11, 2010 8:00 PM",,,,,,,,,,,,,0,0,0,,,,,,,,,,,,,,,,,,,,,
"Dec 11, 2010 9:00 PM",,,,,,,,,,,,,0,0,0,,,,,,,,,,,,,,,,,,,,,
"Dec 11, 2010 10:00 PM",,,,,,,,,,,,,0,0,0,,,,,,,,,,,,,,,,,,,,,
"Dec 11, 2010 11:00 PM",,,,,,,,,,,,,0,0,0,,,,,,,,,,,,,,,,,,,,,
"Dec 12, 2010 12:00 AM",,,,,,,,,,,,,0,0,0,,,,,,,,,,,,,,,,,,,,,
"Dec 12, 2010 1:00 AM",,,,,,,,,,,,,0,0,0,,,,,,,,,,,,,,,,,,,,,
"Dec 12, 2010 2:00 AM",,,,,,,,,,,,,0,0,0,,,,,,,,,,,,,,,,,,,,,
"Dec 12, 2010 3:00 AM",,,,,,,,,,,,,0,0,0,,,,,,,,,,,,,,,,,,,,,
"Dec 12, 2010 4:00 AM",,,,,,,,,,,,,0,0,0,,,,,,,,,,,,,,,,,,,,,
"Dec 12, 2010 5:00 AM",,,,,,,,,,,,,0,0,0,,,,,,,,,,,,,,,,,,,,,
"Dec 12, 2010 6:00 AM",,,,,,,,,,,,,0,0,0,,,,,,,,,,,,,,,,,,,,,
"Dec 12, 2010 7:00 AM",,,,,,,,,,,,,1,1,0,,,,,,,,,,,,,,,,,,,,,
"Dec 12, 2010 8:00 AM",,,,,,,,,,,,,3,1,2,,,,,,,,,,,,,,,,,,,,,
"Dec 12, 2010 9:00 AM",,,,,,,,,,,,,3,1,2,,,,,,,,,,,,,,,,,,,,,
"Dec 12, 2010 10:00 AM",,,,,,,,,,,,,4,0,4,,,,,,,,,,,,,,,,,,,,,
"Dec 12, 2010 11:00 AM",,,,,,,,,,,,,3,1,2,,,,,,,,,,,,,,,,,,,,,
"Dec 12, 2010 12:00 PM",,,,,,,,,,,,,11,5,6,,,,,,,,,,,,,,,,,,,,,
"Dec 12, 2010 1:00 PM",,,,,,,,,,,,,5,2,3,,,,,,,,,,,,,,,,,,,,,
"Dec 12, 2010 2:00 PM",,,,,,,,,,,,,7,2,5,,,,,,,,,,,,,,,,,,,,,
"Dec 12, 2010 3:00 PM",,,,,,,,,,,,,3,2,1,,,,,,,,,,,,,,,,,,,,,
"Dec 12, 2010 4:00 PM",,,,,,,,,,,,,5,3,2,,,,,,,,,,,,,,,,,,,,,
"Dec 12, 2010 5:00 PM",,,,,,,,,,,,,4,1,3,,,,,,,,,,,,,,,,,,,,,
"Dec 12, 2010 6:00 PM",,,,,,,,,,,,,1,1,0,,,,,,,,,,,,,,,,,,,,,
"Dec 12, 2010 7:00 PM",,,,,,,,,,,,,2,0,2,,,,,,,,,,,,,,,,,,,,,
"Dec 12, 2010 8:00 PM",,,,,,,,,,,,,0,0,0,,,,,,,,,,,,,,,,,,,,,
"Dec 12, 2010 9:00 PM",,,,,,,,,,,,,0,0,0,,,,,,,,,,,,,,,,,,,,,
"Dec 12, 2010 10:00 PM",,,,,,,,,,,,,0,0,0,,,,,,,,,,,,,,,,,,,,,
"Dec 12, 2010 11:00 PM",,,,,,,,,,,,,0,0,0,,,,,,,,,,,,,,,,,,,,,
"Dec 13, 2010 12:00 AM",,,,,,,,,,,,,1,0,1,,,,,,,,,,,,,,,,,,,,,
"Dec 13, 2010 1:00 AM",,,,,,,,,,,,,0,0,0,,,,,,,,,,,,,,,,,,,,,
"Dec 13, 2010 2:00 AM",,,,,,,,,,,,,0,0,0,,,,,,,,,,,,,,,,,,,,,
"Dec 13, 2010 3:00 AM",,,,,,,,,,,,,0,0,0,,,,,,,,,,,,,,,,,,,,,
"Dec 13, 2010 4:00 AM",,,,,,,,,,,,,0,0,0,,,,,,,,,,,,,,,,,,,,,
"Dec 13, 2010 5:00 AM",,,,,,,,,,,,,0,0,0,,,,,,,,,,,,,,,,,,,,,
"Dec 13, 2010 6:00 AM",,,,,,,,,,,,,0,0,0,,,,,,,,,,,,,,,,,,,,,
"Dec 13, 2010 7:00 AM",,,,,,,,,,,,,5,1,4,,,,,,,,,,,,,,,,,,,,,
"Dec 13, 2010 8:00 AM",,,,,,,,,,,,,4,2,2,,,,,,,,,,,,,,,,,,,,,
"Dec 13, 2010 9:00 AM",,,,,,,,,,,,,3,0,3,,,,,,,,,,,,,,,,,,,,,
"Dec 13, 2010 10:00 AM",,,,,,,,,,,,,3,0,3,,,,,,,,,,,,,,,,,,,,,
"Dec 13, 2010 11:00 AM",,,,,,,,,,,,,2,2,0,,,,,,,,,,,,,,,,,,,,,
"Dec 13, 2010 12:00 PM",,,,,,,,,,,,,5,3,2,,,,,,,,,,,,,,,,,,,,,
"Dec 13, 2010 1:00 PM",,,,,,,,,,,,,1,1,0,,,,,,,,,,,,,,,,,,,,,
"Dec 13, 2010 2:00 PM",,,,,,,,,,,,,2,0,2,,,,,,,,,,,,,,,,,,,,,
"Dec 13, 2010 3:00 PM",,,,,,,,,,,,,1,0,1,,,,,,,,,,,,,,,,,,,,,
"Dec 13, 2010 4:00 PM",,,,,,,,,,,,,4,2,2,,,,,,,,,,,,,,,,,,,,,
"Dec 13, 2010 5:00 PM",,,,,,,,,,,,,5,3,2,,,,,,,,,,,,,,,,,,,,,
"Dec 13, 2010 6:00 PM",,,,,,,,,,,,,9,8,1,,,,,,,,,,,,,,,,,,,,,
"Dec 13, 2010 7:00 PM",,,,,,,,,,,,,2,2,0,,,,,,,,,,,,,,,,,,,,,
"Dec 13, 2010 8:00 PM",,,,,,,,,,,,,0,0,0,,,,,,,,,,,,,,,,,,,,,
"Dec 13, 2010 9:00 PM",,,,,,,,,,,,,5,3,2,,,,,,,,,,,,,,,,,,,,,
"Dec 13, 2010 10:00 PM",,,,,,,,,,,,,1,0,1,,,,,,,,,,,,,,,,,,,,,
"Dec 13, 2010 11:00 PM",,,,,,,,,,,,,0,0,0,,,,,,,,,,,,,,,,,,,,,
"Dec 14, 2010 12:00 AM",,,,,,,,,,,,,0,0,0,,,,,,,,,,,,,,,,,,,,,
"Dec 14, 2010 1:00 AM",,,,,,,,,,,,,0,0,0,,,,,,,,,,,,,,,,,,,,,
"Dec 14, 2010 2:00 AM",,,,,,,,,,,,,0,0,0,,,,,,,,,,,,,,,,,,,,,
"Dec 14, 2010 3:00 AM",,,,,,,,,,,,,0,0,0,,,,,,,,,,,,,,,,,,,,,
"Dec 14, 2010 4:00 AM",,,,,,,,,,,,,0,0,0,,,,,,,,,,,,,,,,,,,,,
"Dec 14, 2010 5:00 AM",,,,,,,,,,,,,0,0,0,,,,,,,,,,,,,,,,,,,,,
"Dec 14, 2010 6:00 AM",,,,,,,,,,,,,1,0,1,,,,,,,,,,,,,,,,,,,,,
"Dec 14, 2010 7:00 AM",,,,,,,,,,,,,4,3,1,,,,,,,,,,,,,,,,,,,,,
"Dec 14, 2010 8:00 AM",,,,,,,,,,,,,4,2,2,,,,,,,,,,,,,,,,,,,,,
"Dec 14, 2010 9:00 AM",,,,,,,,,,,,,8,0,8,,,,,,,,,,,,,,,,,,,,,
"Dec 14, 2010 10:00 AM",,,,,,,,,,,,,4,1,3,,,,,,,,,,,,,,,,,,,,,
"Dec 14, 2010 11:00 AM",,,,,,,,,,,,,8,5,3,,,,,,,,,,,,,,,,,,,,,
"Dec 14, 2010 12:00 PM",,,,,,,,,,,,,7,4,3,,,,,,,,,,,,,,,,,,,,,
"Dec 14, 2010 1:00 PM",,,,,,,,,,,,,2,1,1,,,,,,,,,,,,,,,,,,,,,
"Dec 14, 2010 2:00 PM",,,,,,,,,,,,,6,5,1,,,,,,,,,,,,,,,,,,,,,
"Dec 14, 2010 3:00 PM",,,,,,,,,,,,,2,2,0,,,,,,,,,,,,,,,,,,,,,
"Dec 14, 2010 4:00 PM",,,,,,,,,,,,,0,0,0,,,,,,,,,,,,,,,,,,,,,
"Dec 14, 2010 5:00 PM",,,,,,,,,,,,,4,2,2,,,,,,,,,,,,,,,,,,,,,
"Dec 14, 2010 6:00 PM",,,,,,,,,,,,,7,6,1,,,,,,,,,,,,,,,,,,,,,
"Dec 14, 2010 7:00 PM",,,,,,,,,,,,,7,3,4,,,,,,,,,,,,,,,,,,,,,
"Dec 14, 2010 8:00 PM",,,,,,,,,,,,,5,3,2,,,,,,,,,,,,,,,,,,,,,
"Dec 14, 2010 9:00 PM",,,,,,,,,,,,,1,1,0,,,,,,,,,,,,,,,,,,,,,
"Dec 14, 2010 10:00 PM",,,,,,,,,,,,,1,0,1,,,,,,,,,,,,,,,,,,,,,
"Dec 14, 2010 11:00 PM",,,,,,,,,,,,,0,0,0,,,,,,,,,,,,,,,,,,,,,
"Dec 15, 2010 12:00 AM",,,,,,,,,,,,,0,0,0,,,,,,,,,,,,,,,,,,,,,
"Dec 15, 2010 1:00 AM",,,,,,,,,,,,,0,0,0,,,,,,,,,,,,,,,,,,,,,
"Dec 15, 2010 2:00 AM",,,,,,,,,,,,,0,0,0,,,,,,,,,,,,,,,,,,,,,
"Dec 15, 2010 3:00 AM",,,,,,,,,,,,,0,0,0,,,,,,,,,,,,,,,,,,,,,
"Dec 15, 2010 4:00 AM",,,,,,,,,,,,,0,0,0,,,,,,,,,,,,,,,,,,,,,
"Dec 15, 2010 5:00 AM",,,,,,,,,,,,,0,0,0,,,,,,,,,,,,,,,,,,,,,
"Dec 15, 2010 6:00 AM",,,,,,,,,,,,,0,0,0,,,,,,,,,,,,,,,,,,,,,
"Dec 15, 2010 7:00 AM",,,,,,,,,,,,,7,4,3,,,,,,,,,,,,,,,,,,,,,
"Dec 15, 2010 8:00 AM",,,,,,,,,,,,,6,2,4,,,,,,,,,,,,,,,,,,,,,
"Dec 15, 2010 9:00 AM",,,,,,,,,,,,,7,4,3,,,,,,,,,,,,,,,,,,,,,
"Dec 15, 2010 10:00 AM",,,,,,,,,,,,,5,0,5,,,,,,,,,,,,,,,,,,,,,
"Dec 15, 2010 11:00 AM",,,,,,,,,,,,,5,4,1,,,,,,,,,,,,,,,,,,,,,
"Dec 15, 2010 12:00 PM",,,,,,,,,,,,,5,1,4,,,,,,,,,,,,,,,,,,,,,
"Dec 15, 2010 1:00 PM",,,,,,,,,,,,,7,2,5,,,,,,,,,,,,,,,,,,,,,
"Dec 15, 2010 2:00 PM",,,,,,,,,,,,,8,5,3,,,,,,,,,,,,,,,,,,,,,
"Dec 15, 2010 3:00 PM",,,,,,,,,,,,,3,1,2,,,,,,,,,,,,,,,,,,,,,
"Dec 15, 2010 4:00 PM",,,,,,,,,,,,,2,1,1,,,,,,,,,,,,,,,,,,,,,
"Dec 15, 2010 5:00 PM",,,,,,,,,,,,,8,8,0,,,,,,,,,,,,,,,,,,,,,
"Dec 15, 2010 6:00 PM",,,,,,,,,,,,,5,4,1,,,,,,,,,,,,,,,,,,,,,
"Dec 15, 2010 7:00 PM",,,,,,,,,,,,,1,0,1,,,,,,,,,,,,,,,,,,,,,
"Dec 15, 2010 8:00 PM",,,,,,,,,,,,,1,0,1,,,,,,,,,,,,,,,,,,,,,
"Dec 15, 2010 9:00 PM",,,,,,,,,,,,,2,2,0,,,,,,,,,,,,,,,,,,,,,
"Dec 15, 2010 10:00 PM",,,,,,,,,,,,,2,1,1,,,,,,,,,,,,,,,,,,,,,
"Dec 15, 2010 11:00 PM",,,,,,,,,,,,,1,0,1,,,,,,,,,,,,,,,,,,,,,
"Dec 16, 2010 12:00 AM",,,,,,,,,,,,,0,0,0,,,,,,,,,,,,,,,,,,,,,
"Dec 16, 2010 1:00 AM",,,,,,,,,,,,,1,0,1,,,,,,,,,,,,,,,,,,,,,
"Dec 16, 2010 2:00 AM",,,,,,,,,,,,,0,0,0,,,,,,,,,,,,,,,,,,,,,
"Dec 16, 2010 3:00 AM",,,,,,,,,,,,,0,0,0,,,,,,,,,,,,,,,,,,,,,
"Dec 16, 2010 4:00 AM",,,,,,,,,,,,,0,0,0,,,,,,,,,,,,,,,,,,,,,
"Dec 16, 2010 5:00 AM",,,,,,,,,,,,,0,0,0,,,,,,,,,,,,,,,,,,,,,
"Dec 16, 2010 6:00 AM",,,,,,,,,,,,,1,0,1,,,,,,,,,,,,,,,,,,,,,
"Dec 16, 2010 7:00 AM",,,,,,,,,,,,,1,0,1,,,,,,,,,,,,,,,,,,,,,
"Dec 16, 2010 8:00 AM",,,,,,,,,,,,,5,2,3,,,,,,,,,,,,,,,,,,,,,
"Dec 16, 2010 9:00 AM",,,,,,,,,,,,,3,3,0,,,,,,,,,,,,,,,,,,,,,
"Dec 16, 2010 10:00 AM",,,,,,,,,,,,,2,1,1,,,,,,,,,,,,,,,,,,,,,
"Dec 16, 2010 11:00 AM",,,,,,,,,,,,,3,1,2,,,,,,,,,,,,,,,,,,,,,
"Dec 16, 2010 12:00 PM",,,,,,,,,,,,,1,0,1,,,,,,,,,,,,,,,,,,,,,
"Dec 16, 2010 1:00 PM",,,,,,,,,,,,,1,1,0,,,,,,,,,,,,,,,,,,,,,
"Dec 16, 2010 2:00 PM",,,,,,,,,,,,,2,2,0,,,,,,,,,,,,,,,,,,,,,
"Dec 16, 2010 3:00 PM",,,,,,,,,,,,,3,3,0,,,,,,,,,,,,,,,,,,,,,
"Dec 16, 2010 4:00 PM",,,,,,,,,,,,,1,1,0,,,,,,,,,,,,,,,,,,,,,
"Dec 16, 2010 5:00 PM",,,,,,,,,,,,,2,1,1,,,,,,,,,,,,,,,,,,,,,
"Dec 16, 2010 6:00 PM",,,,,,,,,,,,,4,4,0,,,,,,,,,,,,,,,,,,,,,
"Dec 16, 2010 7:00 PM",,,,,,,,,,,,,3,2,1,,,,,,,,,,,,,,,,,,,,,
"Dec 16, 2010 8:00 PM",,,,,,,,,,,,,0,0,0,,,,,,,,,,,,,,,,,,,,,
"Dec 16, 2010 9:00 PM",,,,,,,,,,,,,2,2,0,,,,,,,,,,,,,,,,,,,,,
"Dec 16, 2010 10:00 PM",,,,,,,,,,,,,0,0,0,,,,,,,,,,,,,,,,,,,,,
"Dec 16, 2010 11:00 PM",,,,,,,,,,,,,0,0,0,,,,,,,,,,,,,,,,,,,,,
"Dec 17, 2010 12:00 AM",,,,,,,,,,,,,0,0,0,,,,,,,,,,,,,,,,,,,,,
"Dec 17, 2010 1:00 AM",,,,,,,,,,,,,0,0,0,,,,,,,,,,,,,,,,,,,,,
"Dec 17, 2010 2:00 AM",,,,,,,,,,,,,0,0,0,,,,,,,,,,,,,,,,,,,,,
"Dec 17, 2010 3:00 AM",,,,,,,,,,,,,1,0,1,,,,,,,,,,,,,,,,,,,,,
"Dec 17, 2010 4:00 AM",,,,,,,,,,,,,0,0,0,,,,,,,,,,,,,,,,,,,,,
"Dec 17, 2010 5:00 AM",,,,,,,,,,,,,0,0,0,,,,,,,,,,,,,,,,,,,,,
"Dec 17, 2010 6:00 AM",,,,,,,,,,,,,1,0,1,,,,,,,,,,,,,,,,,,,,,
"Dec 17, 2010 7:00 AM",,,,,,,,,,,,,0,0,0,,,,,,,,,,,,,,,,,,,,,
"Dec 17, 2010 8:00 AM",,,,,,,,,,,,,3,2,1,,,,,,,,,,,,,,,,,,,,,
"Dec 17, 2010 9:00 AM",,,,,,,,,,,,,0,0,0,,,,,,,,,,,,,,,,,,,,,
"Dec 17, 2010 10:00 AM",,,,,,,,,,,,,1,0,1,,,,,,,,,,,,,,,,,,,,,
"Dec 17, 2010 11:00 AM",,,,,,,,,,,,,0,0,0,,,,,,,,,,,,,,,,,,,,,
"Dec 17, 2010 12:00 PM",,,,,,,,,,,,,1,0,1,,,,,,,,,,,,,,,,,,,,,
"Dec 17, 2010 1:00 PM",,,,,,,,,,,,,0,0,0,,,,,,,,,,,,,,,,,,,,,
"Dec 17, 2010 2:00 PM",,,,,,,,,,,,,5,3,2,,,,,,,,,,,,,,,,,,,,,
"Dec 17, 2010 3:00 PM",,,,,,,,,,,,,2,1,1,,,,,,,,,,,,,,,,,,,,,
"Dec 17, 2010 4:00 PM",,,,,,,,,,,,,3,2,1,,,,,,,,,,,,,,,,,,,,,
"Dec 17, 2010 5:00 PM",,,,,,,,,,,,,5,2,3,,,,,,,,,,,,,,,,,,,,,
"Dec 17, 2010 6:00 PM",,,,,,,,,,,,,2,1,1,,,,,,,,,,,,,,,,,,,,,
"Dec 17, 2010 7:00 PM",,,,,,,,,,,,,0,0,0,,,,,,,,,,,,,,,,,,,,,
"Dec 17, 2010 8:00 PM",,,,,,,,,,,,,0,0,0,,,,,,,,,,,,,,,,,,,,,
"Dec 17, 2010 9:00 PM",,,,,,,,,,,,,1,1,0,,,,,,,,,,,,,,,,,,,,,
"Dec 17, 2010 10:00 PM",,,,,,,,,,,,,0,0,0,,,,,,,,,,,,,,,,,,,,,
"Dec 17, 2010 11:00 PM",,,,,,,,,,,,,0,0,0,,,,,,,,,,,,,,,,,,,,,
"Dec 18, 2010 12:00 AM",,,,,,,,,,,,,0,0,0,,,,,,,,,,,,,,,,,,,,,
"Dec 18, 2010 1:00 AM",,,,,,,,,,,,,0,0,0,,,,,,,,,,,,,,,,,,,,,
"Dec 18, 2010 2:00 AM",,,,,,,,,,,,,0,0,0,,,,,,,,,,,,,,,,,,,,,
"Dec 18, 2010 3:00 AM",,,,,,,,,,,,,0,0,0,,,,,,,,,,,,,,,,,,,,,
"Dec 18, 2010 4:00 AM",,,,,,,,,,,,,0,0,0,,,,,,,,,,,,,,,,,,,,,
"Dec 18, 2010 5:00 AM",,,,,,,,,,,,,0,0,0,,,,,,,,,,,,,,,,,,,,,
"Dec 18, 2010 6:00 AM",,,,,,,,,,,,,0,0,0,,,,,,,,,,,,,,,,,,,,,
"Dec 18, 2010 7:00 AM",,,,,,,,,,,,,1,1,0,,,,,,,,,,,,,,,,,,,,,
"Dec 18, 2010 8:00 AM",,,,,,,,,,,,,0,0,0,,,,,,,,,,,,,,,,,,,,,
"Dec 18, 2010 9:00 AM",,,,,,,,,,,,,2,1,1,,,,,,,,,,,,,,,,,,,,,
"Dec 18, 2010 10:00 AM",,,,,,,,,,,,,1,1,0,,,,,,,,,,,,,,,,,,,,,
"Dec 18, 2010 11:00 AM",,,,,,,,,,,,,2,0,2,,,,,,,,,,,,,,,,,,,,,
"Dec 18, 2010 12:00 PM",,,,,,,,,,,,,4,2,2,,,,,,,,,,,,,,,,,,,,,
"Dec 18, 2010 1:00 PM",,,,,,,,,,,,,4,1,3,,,,,,,,,,,,,,,,,,,,,
"Dec 18, 2010 2:00 PM",,,,,,,,,,,,,4,1,3,,,,,,,,,,,,,,,,,,,,,
"Dec 18, 2010 3:00 PM",,,,,,,,,,,,,1,0,1,,,,,,,,,,,,,,,,,,,,,
"Dec 18, 2010 4:00 PM",,,,,,,,,,,,,2,1,1,,,,,,,,,,,,,,,,,,,,,
"Dec 18, 2010 5:00 PM",,,,,,,,,,,,,2,2,0,,,,,,,,,,,,,,,,,,,,,
"Dec 18, 2010 6:00 PM",,,,,,,,,,,,,3,1,2,,,,,,,,,,,,,,,,,,,,,
"Dec 18, 2010 7:00 PM",,,,,,,,,,,,,1,1,0,,,,,,,,,,,,,,,,,,,,,
"Dec 18, 2010 8:00 PM",,,,,,,,,,,,,0,0,0,,,,,,,,,,,,,,,,,,,,,
"Dec 18, 2010 9:00 PM",,,,,,,,,,,,,2,1,1,,,,,,,,,,,,,,,,,,,,,
"Dec 18, 2010 10:00 PM",,,,,,,,,,,,,0,0,0,,,,,,,,,,,,,,,,,,,,,
"Dec 18, 2010 11:00 PM",,,,,,,,,,,,,0,0,0,,,,,,,,,,,,,,,,,,,,,
"Dec 19, 2010 12:00 AM",,,,,,,,,,,,,0,0,0,,,,,,,,,,,,,,,,,,,,,
"Dec 19, 2010 1:00 AM",,,,,,,,,,,,,0,0,0,,,,,,,,,,,,,,,,,,,,,
"Dec 19, 2010 2:00 AM",,,,,,,,,,,,,1,0,1,,,,,,,,,,,,,,,,,,,,,
"Dec 19, 2010 3:00 AM",,,,,,,,,,,,,0,0,0,,,,,,,,,,,,,,,,,,,,,
"Dec 19, 2010 4:00 AM",,,,,,,,,,,,,0,0,0,,,,,,,,,,,,,,,,,,,,,
"Dec 19, 2010 5:00 AM",,,,,,,,,,,,,0,0,0,,,,,,,,,,,,,,,,,,,,,
"Dec 19, 2010 6:00 AM",,,,,,,,,,,,,0,0,0,,,,,,,,,,,,,,,,,,,,,
"Dec 19, 2010 7:00 AM",,,,,,,,,,,,,3,2,1,,,,,,,,,,,,,,,,,,,,,
"Dec 19, 2010 8:00 AM",,,,,,,,,,,,,1,0,1,,,,,,,,,,,,,,,,,,,,,
"Dec 19, 2010 9:00 AM",,,,,,,,,,,,,2,1,1,,,,,,,,,,,,,,,,,,,,,
"Dec 19, 2010 10:00 AM",,,,,,,,,,,,,1,0,1,,,,,,,,,,,,,,,,,,,,,
"Dec 19, 2010 11:00 AM",,,,,,,,,,,,,0,0,0,,,,,,,,,,,,,,,,,,,,,
"Dec 19, 2010 12:00 PM",,,,,,,,,,,,,3,1,2,,,,,,,,,,,,,,,,,,,,,
"Dec 19, 2010 1:00 PM",,,,,,,,,,,,,2,1,1,,,,,,,,,,,,,,,,,,,,,
"Dec 19, 2010 2:00 PM",,,,,,,,,,,,,3,2,1,,,,,,,,,,,,,,,,,,,,,
"Dec 19, 2010 3:00 PM",,,,,,,,,,,,,2,0,2,,,,,,,,,,,,,,,,,,,,,
"Dec 19, 2010 4:00 PM",,,,,,,,,,,,,2,2,0,,,,,,,,,,,,,,,,,,,,,
"Dec 19, 2010 5:00 PM",,,,,,,,,,,,,0,0,0,,,,,,,,,,,,,,,,,,,,,
"Dec 19, 2010 6:00 PM",,,,,,,,,,,,,0,0,0,,,,,,,,,,,,,,,,,,,,,
"Dec 19, 2010 7:00 PM",,,,,,,,,,,,,0,0,0,,,,,,,,,,,,,,,,,,,,,
"Dec 19, 2010 8:00 PM",,,,,,,,,,,,,1,0,1,,,,,,,,,,,,,,,,,,,,,
"Dec 19, 2010 9:00 PM",,,,,,,,,,,,,0,0,0,,,,,,,,,,,,,,,,,,,,,
"Dec 19, 2010 10:00 PM",,,,,,,,,,,,,0,0,0,,,,,,,,,,,,,,,,,,,,,
"Dec 19, 2010 11:00 PM",,,,,,,,,,,,,0,0,0,,,,,,,,,,,,,,,,,,,,,
"Dec 20, 2010 12:00 AM",,,,,,,,,,,,,0,0,0,,,,,,,,,,,,,,,,,,,,,
"Dec 20, 2010 1:00 AM",,,,,,,,,,,,,0,0,0,,,,,,,,,,,,,,,,,,,,,
"Dec 20, 2010 2:00 AM",,,,,,,,,,,,,0,0,0,,,,,,,,,,,,,,,,,,,,,
"Dec 20, 2010 3:00 AM",,,,,,,,,,,,,0,0,0,,,,,,,,,,,,,,,,,,,,,
"Dec 20, 2010 4:00 AM",,,,,,,,,,,,,0,0,0,,,,,,,,,,,,,,,,,,,,,
"Dec 20, 2010 5:00 AM",,,,,,,,,,,,,0,0,0,,,,,,,,,,,,,,,,,,,,,
"Dec 20, 2010 6:00 AM",,,,,,,,,,,,,0,0,0,,,,,,,,,,,,,,,,,,,,,
"Dec 20, 2010 7:00 AM",,,,,,,,,,,,,2,2,0,,,,,,,,,,,,,,,,,,,,,
"Dec 20, 2010 8:00 AM",,,,,,,,,,,,,0,0,0,,,,,,,,,,,,,,,,,,,,,
"Dec 20, 2010 9:00 AM",,,,,,,,,,,,,1,0,1,,,,,,,,,,,,,,,,,,,,,
"Dec 20, 2010 10:00 AM",,,,,,,,,,,,,1,0,1,,,,,,,,,,,,,,,,,,,,,
"Dec 20, 2010 11:00 AM",,,,,,,,,,,,,1,0,1,,,,,,,,,,,,,,,,,,,,,
"Dec 20, 2010 12:00 PM",,,,,,,,,,,,,2,0,2,,,,,,,,,,,,,,,,,,,,,
"Dec 20, 2010 1:00 PM",,,,,,,,,,,,,1,0,1,,,,,,,,,,,,,,,,,,,,,
"Dec 20, 2010 2:00 PM",,,,,,,,,,,,,2,0,2,,,,,,,,,,,,,,,,,,,,,
"Dec 20, 2010 3:00 PM",,,,,,,,,,,,,0,0,0,,,,,,,,,,,,,,,,,,,,,
"Dec 20, 2010 4:00 PM",,,,,,,,,,,,,1,1,0,,,,,,,,,,,,,,,,,,,,,
"Dec 20, 2010 5:00 PM",,,,,,,,,,,,,0,0,0,,,,,,,,,,,,,,,,,,,,,
"Dec 20, 2010 6:00 PM",,,,,,,,,,,,,0,0,0,,,,,,,,,,,,,,,,,,,,,
"Dec 20, 2010 7:00 PM",,,,,,,,,,,,,0,0,0,,,,,,,,,,,,,,,,,,,,,
"Dec 20, 2010 8:00 PM",,,,,,,,,,,,,1,0,1,,,,,,,,,,,,,,,,,,,,,
"Dec 20, 2010 9:00 PM",,,,,,,,,,,,,0,0,0,,,,,,,,,,,,,,,,,,,,,
"Dec 20, 2010 10:00 PM",,,,,,,,,,,,,0,0,0,,,,,,,,,,,,,,,,,,,,,
"Dec 20, 2010 11:00 PM",,,,,,,,,,,,,0,0,0,,,,,,,,,,,,,,,,,,,,,
"Dec 21, 2010 12:00 AM",,,,,,,,,,,,,0,0,0,,,,,,,,,,,,,,,,,,,,,
"Dec 21, 2010 1:00 AM",,,,,,,,,,,,,0,0,0,,,,,,,,,,,,,,,,,,,,,
"Dec 21, 2010 2:00 AM",,,,,,,,,,,,,0,0,0,,,,,,,,,,,,,,,,,,,,,
"Dec 21, 2010 3:00 AM",,,,,,,,,,,,,0,0,0,,,,,,,,,,,,,,,,,,,,,
"Dec 21, 2010 4:00 AM",,,,,,,,,,,,,0,0,0,,,,,,,,,,,,,,,,,,,,,
"Dec 21, 2010 5:00 AM",,,,,,,,,,,,,0,0,0,,,,,,,,,,,,,,,,,,,,,
"Dec 21, 2010 6:00 AM",,,,,,,,,,,,,0,0,0,,,,,,,,,,,,,,,,,,,,,
"Dec 21, 2010 7:00 AM",,,,,,,,,,,,,0,0,0,,,,,,,,,,,,,,,,,,,,,
"Dec 21, 2010 8:00 AM",,,,,,,,,,,,,0,0,0,,,,,,,,,,,,,,,,,,,,,
"Dec 21, 2010 9:00 AM",,,,,,,,,,,,,0,0,0,,,,,,,,,,,,,,,,,,,,,
"Dec 21, 2010 10:00 AM",,,,,,,,,,,,,0,0,0,,,,,,,,,,,,,,,,,,,,,
"Dec 21, 2010 11:00 AM",,,,,,,,,,,,,0,0,0,,,,,,,,,,,,,,,,,,,,,
"Dec 21, 2010 12:00 PM",,,,,,,,,,,,,0,0,0,,,,,,,,,,,,,,,,,,,,,
"Dec 21, 2010 1:00 PM",,,,,,,,,,,,,0,0,0,,,,,,,,,,,,,,,,,,,,,
"Dec 21, 2010 2:00 PM",,,,,,,,,,,,,1,1,0,,,,,,,,,,,,,,,,,,,,,
"Dec 21, 2010 3:00 PM",,,,,,,,,,,,,1,1,0,,,,,,,,,,,,,,,,,,,,,
"Dec 21, 2010 4:00 PM",,,,,,,,,,,,,0,0,0,,,,,,,,,,,,,,,,,,,,,
"Dec 21, 2010 5:00 PM",,,,,,,,,,,,,0,0,0,,,,,,,,,,,,,,,,,,,,,
"Dec 21, 2010 6:00 PM",,,,,,,,,,,,,0,0,0,,,,,,,,,,,,,,,,,,,,,
"Dec 21, 2010 7:00 PM",,,,,,,,,,,,,0,0,0,,,,,,,,,,,,,,,,,,,,,
"Dec 21, 2010 8:00 PM",,,,,,,,,,,,,0,0,0,,,,,,,,,,,,,,,,,,,,,
"Dec 21, 2010 9:00 PM",,,,,,,,,,,,,0,0,0,,,,,,,,,,,,,,,,,,,,,
"Dec 21, 2010 10:00 PM",,,,,,,,,,,,,0,0,0,,,,,,,,,,,,,,,,,,,,,
"Dec 21, 2010 11:00 PM",,,,,,,,,,,,,0,0,0,,,,,,,,,,,,,,,,,,,,,
"Dec 22, 2010 12:00 AM",,,,,,,,,,,,,0,0,0,,,,,,,,,,,,,,,,,,,,,
"Dec 22, 2010 1:00 AM",,,,,,,,,,,,,0,0,0,,,,,,,,,,,,,,,,,,,,,
"Dec 22, 2010 2:00 AM",,,,,,,,,,,,,0,0,0,,,,,,,,,,,,,,,,,,,,,
"Dec 22, 2010 3:00 AM",,,,,,,,,,,,,0,0,0,,,,,,,,,,,,,,,,,,,,,
"Dec 22, 2010 4:00 AM",,,,,,,,,,,,,0,0,0,,,,,,,,,,,,,,,,,,,,,
"Dec 22, 2010 5:00 AM",,,,,,,,,,,,,0,0,0,,,,,,,,,,,,,,,,,,,,,
"Dec 22, 2010 6:00 AM",,,,,,,,,,,,,0,0,0,,,,,,,,,,,,,,,,,,,,,
"Dec 22, 2010 7:00 AM",,,,,,,,,,,,,0,0,0,,,,,,,,,,,,,,,,,,,,,
"Dec 22, 2010 8:00 AM",,,,,,,,,,,,,0,0,0,,,,,,,,,,,,,,,,,,,,,
"Dec 22, 2010 9:00 AM",,,,,,,,,,,,,0,0,0,,,,,,,,,,,,,,,,,,,,,
"Dec 22, 2010 10:00 AM",,,,,,,,,,,,,0,0,0,,,,,,,,,,,,,,,,,,,,,
"Dec 22, 2010 11:00 AM",,,,,,,,,,,,,0,0,0,,,,,,,,,,,,,,,,,,,,,
"Dec 22, 2010 12:00 PM",,,,,,,,,,,,,1,0,1,,,,,,,,,,,,,,,,,,,,,
"Dec 22, 2010 1:00 PM",,,,,,,,,,,,,0,0,0,,,,,,,,,,,,,,,,,,,,,
"Dec 22, 2010 2:00 PM",,,,,,,,,,,,,2,2,0,,,,,,,,,,,,,,,,,,,,,
"Dec 22, 2010 3:00 PM",,,,,,,,,,,,,3,3,0,,,,,,,,,,,,,,,,,,,,,
"Dec 22, 2010 4:00 PM",,,,,,,,,,,,,1,1,0,,,,,,,,,,,,,,,,,,,,,
"Dec 22, 2010 5:00 PM",,,,,,,,,,,,,0,0,0,,,,,,,,,,,,,,,,,,,,,
"Dec 22, 2010 6:00 PM",,,,,,,,,,,,,0,0,0,,,,,,,,,,,,,,,,,,,,,
"Dec 22, 2010 7:00 PM",,,,,,,,,,,,,0,0,0,,,,,,,,,,,,,,,,,,,,,
"Dec 22, 2010 8:00 PM",,,,,,,,,,,,,1,0,1,,,,,,,,,,,,,,,,,,,,,
"Dec 22, 2010 9:00 PM",,,,,,,,,,,,,1,0,1,,,,,,,,,,,,,,,,,,,,,
"Dec 22, 2010 10:00 PM",,,,,,,,,,,,,0,0,0,,,,,,,,,,,,,,,,,,,,,
"Dec 22, 2010 11:00 PM",,,,,,,,,,,,,0,0,0,,,,,,,,,,,,,,,,,,,,,
"Dec 23, 2010 12:00 AM",,,,,,,,,,,,,0,0,0,,,,,,,,,,,,,,,,,,,,,
"Dec 23, 2010 1:00 AM",,,,,,,,,,,,,0,0,0,,,,,,,,,,,,,,,,,,,,,
"Dec 23, 2010 2:00 AM",,,,,,,,,,,,,0,0,0,,,,,,,,,,,,,,,,,,,,,
"Dec 23, 2010 3:00 AM",,,,,,,,,,,,,0,0,0,,,,,,,,,,,,,,,,,,,,,
"Dec 23, 2010 4:00 AM",,,,,,,,,,,,,0,0,0,,,,,,,,,,,,,,,,,,,,,
"Dec 23, 2010 5:00 AM",,,,,,,,,,,,,0,0,0,,,,,,,,,,,,,,,,,,,,,
"Dec 23, 2010 6:00 AM",,,,,,,,,,,,,0,0,0,,,,,,,,,,,,,,,,,,,,,
"Dec 23, 2010 7:00 AM",,,,,,,,,,,,,0,0,0,,,,,,,,,,,,,,,,,,,,,
"Dec 23, 2010 8:00 AM",,,,,,,,,,,,,0,0,0,,,,,,,,,,,,,,,,,,,,,
"Dec 23, 2010 9:00 AM",,,,,,,,,,,,,0,0,0,,,,,,,,,,,,,,,,,,,,,
"Dec 23, 2010 10:00 AM",,,,,,,,,,,,,0,0,0,,,,,,,,,,,,,,,,,,,,,
"Dec 23, 2010 11:00 AM",,,,,,,,,,,,,2,1,1,,,,,,,,,,,,,,,,,,,,,
"Dec 23, 2010 12:00 PM",,,,,,,,,,,,,0,0,0,,,,,,,,,,,,,,,,,,,,,
"Dec 23, 2010 1:00 PM",,,,,,,,,,,,,1,0,1,,,,,,,,,,,,,,,,,,,,,
"Dec 23, 2010 2:00 PM",,,,,,,,,,,,,0,0,0,,,,,,,,,,,,,,,,,,,,,
"Dec 23, 2010 3:00 PM",,,,,,,,,,,,,0,0,0,,,,,,,,,,,,,,,,,,,,,
"Dec 23, 2010 4:00 PM",,,,,,,,,,,,,0,0,0,,,,,,,,,,,,,,,,,,,,,
"Dec 23, 2010 5:00 PM",,,,,,,,,,,,,0,0,0,,,,,,,,,,,,,,,,,,,,,
"Dec 23, 2010 6:00 PM",,,,,,,,,,,,,0,0,0,,,,,,,,,,,,,,,,,,,,,
"Dec 23, 2010 7:00 PM",,,,,,,,,,,,,0,0,0,,,,,,,,,,,,,,,,,,,,,
"Dec 23, 2010 8:00 PM",,,,,,,,,,,,,0,0,0,,,,,,,,,,,,,,,,,,,,,
"Dec 23, 2010 9:00 PM",,,,,,,,,,,,,0,0,0,,,,,,,,,,,,,,,,,,,,,
"Dec 23, 2010 10:00 PM",,,,,,,,,,,,,0,0,0,,,,,,,,,,,,,,,,,,,,,
"Dec 23, 2010 11:00 PM",,,,,,,,,,,,,0,0,0,,,,,,,,,,,,,,,,,,,,,
"Dec 24, 2010 12:00 AM",,,,,,,,,,,,,0,0,0,,,,,,,,,,,,,,,,,,,,,
"Dec 24, 2010 1:00 AM",,,,,,,,,,,,,0,0,0,,,,,,,,,,,,,,,,,,,,,
"Dec 24, 2010 2:00 AM",,,,,,,,,,,,,0,0,0,,,,,,,,,,,,,,,,,,,,,
"Dec 24, 2010 3:00 AM",,,,,,,,,,,,,0,0,0,,,,,,,,,,,,,,,,,,,,,
"Dec 24, 2010 4:00 AM",,,,,,,,,,,,,0,0,0,,,,,,,,,,,,,,,,,,,,,
"Dec 24, 2010 5:00 AM",,,,,,,,,,,,,0,0,0,,,,,,,,,,,,,,,,,,,,,
"Dec 24, 2010 6:00 AM",,,,,,,,,,,,,0,0,0,,,,,,,,,,,,,,,,,,,,,
"Dec 24, 2010 7:00 AM",,,,,,,,,,,,,0,0,0,,,,,,,,,,,,,,,,,,,,,
"Dec 24, 2010 8:00 AM",,,,,,,,,,,,,0,0,0,,,,,,,,,,,,,,,,,,,,,
"Dec 24, 2010 9:00 AM",,,,,,,,,,,,,0,0,0,,,,,,,,,,,,,,,,,,,,,
"Dec 24, 2010 10:00 AM",,,,,,,,,,,,,0,0,0,,,,,,,,,,,,,,,,,,,,,
"Dec 24, 2010 11:00 AM",,,,,,,,,,,,,0,0,0,,,,,,,,,,,,,,,,,,,,,
"Dec 24, 2010 12:00 PM",,,,,,,,,,,,,1,1,0,,,,,,,,,,,,,,,,,,,,,
"Dec 24, 2010 1:00 PM",,,,,,,,,,,,,0,0,0,,,,,,,,,,,,,,,,,,,,,
"Dec 24, 2010 2:00 PM",,,,,,,,,,,,,1,1,0,,,,,,,,,,,,,,,,,,,,,
"Dec 24, 2010 3:00 PM",,,,,,,,,,,,,0,0,0,,,,,,,,,,,,,,,,,,,,,
"Dec 24, 2010 4:00 PM",,,,,,,,,,,,,2,2,0,,,,,,,,,,,,,,,,,,,,,
"Dec 24, 2010 5:00 PM",,,,,,,,,,,,,0,0,0,,,,,,,,,,,,,,,,,,,,,
"Dec 24, 2010 6:00 PM",,,,,,,,,,,,,1,0,1,,,,,,,,,,,,,,,,,,,,,
"Dec 24, 2010 7:00 PM",,,,,,,,,,,,,0,0,0,,,,,,,,,,,,,,,,,,,,,
"Dec 24, 2010 8:00 PM",,,,,,,,,,,,,0,0,0,,,,,,,,,,,,,,,,,,,,,
"Dec 24, 2010 9:00 PM",,,,,,,,,,,,,0,0,0,,,,,,,,,,,,,,,,,,,,,
"Dec 24, 2010 10:00 PM",,,,,,,,,,,,,0,0,0,,,,,,,,,,,,,,,,,,,,,
"Dec 24, 2010 11:00 PM",,,,,,,,,,,,,0,0,0,,,,,,,,,,,,,,,,,,,,,
"Dec 25, 2010 12:00 AM",,,,,,,,,,,,,0,0,0,,,,,,,,,,,,,,,,,,,,,
"Dec 25, 2010 1:00 AM",,,,,,,,,,,,,0,0,0,,,,,,,,,,,,,,,,,,,,,
"Dec 25, 2010 2:00 AM",,,,,,,,,,,,,0,0,0,,,,,,,,,,,,,,,,,,,,,
"Dec 25, 2010 3:00 AM",,,,,,,,,,,,,0,0,0,,,,,,,,,,,,,,,,,,,,,
"Dec 25, 2010 4:00 AM",,,,,,,,,,,,,0,0,0,,,,,,,,,,,,,,,,,,,,,
"Dec 25, 2010 5:00 AM",,,,,,,,,,,,,0,0,0,,,,,,,,,,,,,,,,,,,,,
"Dec 25, 2010 6:00 AM",,,,,,,,,,,,,0,0,0,,,,,,,,,,,,,,,,,,,,,
"Dec 25, 2010 7:00 AM",,,,,,,,,,,,,0,0,0,,,,,,,,,,,,,,,,,,,,,
"Dec 25, 2010 8:00 AM",,,,,,,,,,,,,0,0,0,,,,,,,,,,,,,,,,,,,,,
"Dec 25, 2010 9:00 AM",,,,,,,,,,,,,1,0,1,,,,,,,,,,,,,,,,,,,,,
"Dec 25, 2010 10:00 AM",,,,,,,,,,,,,1,0,1,,,,,,,,,,,,,,,,,,,,,
"Dec 25, 2010 11:00 AM",,,,,,,,,,,,,0,0,0,,,,,,,,,,,,,,,,,,,,,
"Dec 25, 2010 12:00 PM",,,,,,,,,,,,,0,0,0,,,,,,,,,,,,,,,,,,,,,
"Dec 25, 2010 1:00 PM",,,,,,,,,,,,,1,1,0,,,,,,,,,,,,,,,,,,,,,
"Dec 25, 2010 2:00 PM",,,,,,,,,,,,,1,0,1,,,,,,,,,,,,,,,,,,,,,
"Dec 25, 2010 3:00 PM",,,,,,,,,,,,,0,0,0,,,,,,,,,,,,,,,,,,,,,
"Dec 25, 2010 4:00 PM",,,,,,,,,,,,,0,0,0,,,,,,,,,,,,,,,,,,,,,
"Dec 25, 2010 5:00 PM",,,,,,,,,,,,,0,0,0,,,,,,,,,,,,,,,,,,,,,
"Dec 25, 2010 6:00 PM",,,,,,,,,,,,,0,0,0,,,,,,,,,,,,,,,,,,,,,
"Dec 25, 2010 7:00 PM",,,,,,,,,,,,,0,0,0,,,,,,,,,,,,,,,,,,,,,
"Dec 25, 2010 8:00 PM",,,,,,,,,,,,,0,0,0,,,,,,,,,,,,,,,,,,,,,
"Dec 25, 2010 9:00 PM",,,,,,,,,,,,,0,0,0,,,,,,,,,,,,,,,,,,,,,
"Dec 25, 2010 10:00 PM",,,,,,,,,,,,,0,0,0,,,,,,,,,,,,,,,,,,,,,
"Dec 25, 2010 11:00 PM",,,,,,,,,,,,,0,0,0,,,,,,,,,,,,,,,,,,,,,
"Dec 26, 2010 12:00 AM",,,,,,,,,,,,,0,0,0,,,,,,,,,,,,,,,,,,,,,
"Dec 26, 2010 1:00 AM",,,,,,,,,,,,,0,0,0,,,,,,,,,,,,,,,,,,,,,
"Dec 26, 2010 2:00 AM",,,,,,,,,,,,,0,0,0,,,,,,,,,,,,,,,,,,,,,
"Dec 26, 2010 3:00 AM",,,,,,,,,,,,,0,0,0,,,,,,,,,,,,,,,,,,,,,
"Dec 26, 2010 4:00 AM",,,,,,,,,,,,,0,0,0,,,,,,,,,,,,,,,,,,,,,
"Dec 26, 2010 5:00 AM",,,,,,,,,,,,,0,0,0,,,,,,,,,,,,,,,,,,,,,
"Dec 26, 2010 6:00 AM",,,,,,,,,,,,,0,0,0,,,,,,,,,,,,,,,,,,,,,
"Dec 26, 2010 7:00 AM",,,,,,,,,,,,,0,0,0,,,,,,,,,,,,,,,,,,,,,
"Dec 26, 2010 8:00 AM",,,,,,,,,,,,,0,0,0,,,,,,,,,,,,,,,,,,,,,
"Dec 26, 2010 9:00 AM",,,,,,,,,,,,,0,0,0,,,,,,,,,,,,,,,,,,,,,
"Dec 26, 2010 10:00 AM",,,,,,,,,,,,,1,1,0,,,,,,,,,,,,,,,,,,,,,
"Dec 26, 2010 11:00 AM",,,,,,,,,,,,,1,0,1,,,,,,,,,,,,,,,,,,,,,
"Dec 26, 2010 12:00 PM",,,,,,,,,,,,,1,0,1,,,,,,,,,,,,,,,,,,,,,
"Dec 26, 2010 1:00 PM",,,,,,,,,,,,,0,0,0,,,,,,,,,,,,,,,,,,,,,
"Dec 26, 2010 2:00 PM",,,,,,,,,,,,,1,0,1,,,,,,,,,,,,,,,,,,,,,
"Dec 26, 2010 3:00 PM",,,,,,,,,,,,,0,0,0,,,,,,,,,,,,,,,,,,,,,
"Dec 26, 2010 4:00 PM",,,,,,,,,,,,,0,0,0,,,,,,,,,,,,,,,,,,,,,
"Dec 26, 2010 5:00 PM",,,,,,,,,,,,,0,0,0,,,,,,,,,,,,,,,,,,,,,
"Dec 26, 2010 6:00 PM",,,,,,,,,,,,,0,0,0,,,,,,,,,,,,,,,,,,,,,
"Dec 26, 2010 7:00 PM",,,,,,,,,,,,,0,0,0,,,,,,,,,,,,,,,,,,,,,
"Dec 26, 2010 8:00 PM",,,,,,,,,,,,,0,0,0,,,,,,,,,,,,,,,,,,,,,
"Dec 26, 2010 9:00 PM",,,,,,,,,,,,,0,0,0,,,,,,,,,,,,,,,,,,,,,
"Dec 26, 2010 10:00 PM",,,,,,,,,,,,,0,0,0,,,,,,,,,,,,,,,,,,,,,
"Dec 26, 2010 11:00 PM",,,,,,,,,,,,,0,0,0,,,,,,,,,,,,,,,,,,,,,
"Dec 27, 2010 12:00 AM",,,,,,,,,,,,,0,0,0,,,,,,,,,,,,,,,,,,,,,
"Dec 27, 2010 1:00 AM",,,,,,,,,,,,,0,0,0,,,,,,,,,,,,,,,,,,,,,
"Dec 27, 2010 2:00 AM",,,,,,,,,,,,,0,0,0,,,,,,,,,,,,,,,,,,,,,
"Dec 27, 2010 3:00 AM",,,,,,,,,,,,,0,0,0,,,,,,,,,,,,,,,,,,,,,
"Dec 27, 2010 4:00 AM",,,,,,,,,,,,,0,0,0,,,,,,,,,,,,,,,,,,,,,
"Dec 27, 2010 5:00 AM",,,,,,,,,,,,,0,0,0,,,,,,,,,,,,,,,,,,,,,
"Dec 27, 2010 6:00 AM",,,,,,,,,,,,,0,0,0,,,,,,,,,,,,,,,,,,,,,
"Dec 27, 2010 7:00 AM",,,,,,,,,,,,,0,0,0,,,,,,,,,,,,,,,,,,,,,
"Dec 27, 2010 8:00 AM",,,,,,,,,,,,,0,0,0,,,,,,,,,,,,,,,,,,,,,
"Dec 27, 2010 9:00 AM",,,,,,,,,,,,,0,0,0,,,,,,,,,,,,,,,,,,,,,
"Dec 27, 2010 10:00 AM",,,,,,,,,,,,,0,0,0,,,,,,,,,,,,,,,,,,,,,
"Dec 27, 2010 11:00 AM",,,,,,,,,,,,,2,2,0,,,,,,,,,,,,,,,,,,,,,
"Dec 27, 2010 12:00 PM",,,,,,,,,,,,,3,0,3,,,,,,,,,,,,,,,,,,,,,
"Dec 27, 2010 1:00 PM",,,,,,,,,,,,,3,0,3,,,,,,,,,,,,,,,,,,,,,
"Dec 27, 2010 2:00 PM",,,,,,,,,,,,,4,1,3,,,,,,,,,,,,,,,,,,,,,
"Dec 27, 2010 3:00 PM",,,,,,,,,,,,,7,6,1,,,,,,,,,,,,,,,,,,,,,
"Dec 27, 2010 4:00 PM",,,,,,,,,,,,,3,2,1,,,,,,,,,,,,,,,,,,,,,
"Dec 27, 2010 5:00 PM",,,,,,,,,,,,,0,0,0,,,,,,,,,,,,,,,,,,,,,
"Dec 27, 2010 6:00 PM",,,,,,,,,,,,,0,0,0,,,,,,,,,,,,,,,,,,,,,
"Dec 27, 2010 7:00 PM",,,,,,,,,,,,,0,0,0,,,,,,,,,,,,,,,,,,,,,
"Dec 27, 2010 8:00 PM",,,,,,,,,,,,,1,1,0,,,,,,,,,,,,,,,,,,,,,
"Dec 27, 2010 9:00 PM",,,,,,,,,,,,,0,0,0,,,,,,,,,,,,,,,,,,,,,
"Dec 27, 2010 10:00 PM",,,,,,,,,,,,,1,0,1,,,,,,,,,,,,,,,,,,,,,
"Dec 27, 2010 11:00 PM",,,,,,,,,,,,,0,0,0,,,,,,,,,,,,,,,,,,,,,
"Dec 28, 2010 12:00 AM",,,,,,,,,,,,,0,0,0,,,,,,,,,,,,,,,,,,,,,
"Dec 28, 2010 1:00 AM",,,,,,,,,,,,,0,0,0,,,,,,,,,,,,,,,,,,,,,
"Dec 28, 2010 2:00 AM",,,,,,,,,,,,,0,0,0,,,,,,,,,,,,,,,,,,,,,
"Dec 28, 2010 3:00 AM",,,,,,,,,,,,,0,0,0,,,,,,,,,,,,,,,,,,,,,
"Dec 28, 2010 4:00 AM",,,,,,,,,,,,,0,0,0,,,,,,,,,,,,,,,,,,,,,
"Dec 28, 2010 5:00 AM",,,,,,,,,,,,,0,0,0,,,,,,,,,,,,,,,,,,,,,
"Dec 28, 2010 6:00 AM",,,,,,,,,,,,,0,0,0,,,,,,,,,,,,,,,,,,,,,
"Dec 28, 2010 7:00 AM",,,,,,,,,,,,,1,1,0,,,,,,,,,,,,,,,,,,,,,
"Dec 28, 2010 8:00 AM",,,,,,,,,,,,,0,0,0,,,,,,,,,,,,,,,,,,,,,
"Dec 28, 2010 9:00 AM",,,,,,,,,,,,,1,1,0,,,,,,,,,,,,,,,,,,,,,
"Dec 28, 2010 10:00 AM",,,,,,,,,,,,,0,0,0,,,,,,,,,,,,,,,,,,,,,
"Dec 28, 2010 11:00 AM",,,,,,,,,,,,,4,2,2,,,,,,,,,,,,,,,,,,,,,
"Dec 28, 2010 12:00 PM",,,,,,,,,,,,,9,3,6,,,,,,,,,,,,,,,,,,,,,
"Dec 28, 2010 1:00 PM",,,,,,,,,,,,,11,0,11,,,,,,,,,,,,,,,,,,,,,
"Dec 28, 2010 2:00 PM",,,,,,,,,,,,,11,3,8,,,,,,,,,,,,,,,,,,,,,
"Dec 28, 2010 3:00 PM",,,,,,,,,,,,,20,11,9,,,,,,,,,,,,,,,,,,,,,
"Dec 28, 2010 4:00 PM",,,,,,,,,,,,,5,3,2,,,,,,,,,,,,,,,,,,,,,
"Dec 28, 2010 5:00 PM",,,,,,,,,,,,,3,2,1,,,,,,,,,,,,,,,,,,,,,
"Dec 28, 2010 6:00 PM",,,,,,,,,,,,,4,4,0,,,,,,,,,,,,,,,,,,,,,
"Dec 28, 2010 7:00 PM",,,,,,,,,,,,,1,1,0,,,,,,,,,,,,,,,,,,,,,
"Dec 28, 2010 8:00 PM",,,,,,,,,,,,,4,1,3,,,,,,,,,,,,,,,,,,,,,
"Dec 28, 2010 9:00 PM",,,,,,,,,,,,,0,0,0,,,,,,,,,,,,,,,,,,,,,
"Dec 28, 2010 10:00 PM",,,,,,,,,,,,,1,0,1,,,,,,,,,,,,,,,,,,,,,
"Dec 28, 2010 11:00 PM",,,,,,,,,,,,,0,0,0,,,,,,,,,,,,,,,,,,,,,
"Dec 29, 2010 12:00 AM",,,,,,,,,,,,,0,0,0,,,,,,,,,,,,,,,,,,,,,
"Dec 29, 2010 1:00 AM",,,,,,,,,,,,,0,0,0,,,,,,,,,,,,,,,,,,,,,
"Dec 29, 2010 2:00 AM",,,,,,,,,,,,,0,0,0,,,,,,,,,,,,,,,,,,,,,
"Dec 29, 2010 3:00 AM",,,,,,,,,,,,,0,0,0,,,,,,,,,,,,,,,,,,,,,
"Dec 29, 2010 4:00 AM",,,,,,,,,,,,,0,0,0,,,,,,,,,,,,,,,,,,,,,
"Dec 29, 2010 5:00 AM",,,,,,,,,,,,,0,0,0,,,,,,,,,,,,,,,,,,,,,
"Dec 29, 2010 6:00 AM",,,,,,,,,,,,,0,0,0,,,,,,,,,,,,,,,,,,,,,
"Dec 29, 2010 7:00 AM",,,,,,,,,,,,,2,2,0,,,,,,,,,,,,,,,,,,,,,
"Dec 29, 2010 8:00 AM",,,,,,,,,,,,,2,1,1,,,,,,,,,,,,,,,,,,,,,
"Dec 29, 2010 9:00 AM",,,,,,,,,,,,,1,1,0,,,,,,,,,,,,,,,,,,,,,
"Dec 29, 2010 10:00 AM",,,,,,,,,,,,,2,2,0,,,,,,,,,,,,,,,,,,,,,
"Dec 29, 2010 11:00 AM",,,,,,,,,,,,,9,2,7,,,,,,,,,,,,,,,,,,,,,
"Dec 29, 2010 12:00 PM",,,,,,,,,,,,,13,3,10,,,,,,,,,,,,,,,,,,,,,
"Dec 29, 2010 1:00 PM",,,,,,,,,,,,,12,4,8,,,,,,,,,,,,,,,,,,,,,
"Dec 29, 2010 2:00 PM",,,,,,,,,,,,,7,2,5,,,,,,,,,,,,,,,,,,,,,
"Dec 29, 2010 3:00 PM",,,,,,,,,,,,,16,8,8,,,,,,,,,,,,,,,,,,,,,
"Dec 29, 2010 4:00 PM",,,,,,,,,,,,,11,9,2,,,,,,,,,,,,,,,,,,,,,
"Dec 29, 2010 5:00 PM",,,,,,,,,,,,,5,3,2,,,,,,,,,,,,,,,,,,,,,
"Dec 29, 2010 6:00 PM",,,,,,,,,,,,,1,1,0,,,,,,,,,,,,,,,,,,,,,
"Dec 29, 2010 7:00 PM",,,,,,,,,,,,,2,1,1,,,,,,,,,,,,,,,,,,,,,
"Dec 29, 2010 8:00 PM",,,,,,,,,,,,,0,0,0,,,,,,,,,,,,,,,,,,,,,
"Dec 29, 2010 9:00 PM",,,,,,,,,,,,,3,0,3,,,,,,,,,,,,,,,,,,,,,
"Dec 29, 2010 10:00 PM",,,,,,,,,,,,,4,2,2,,,,,,,,,,,,,,,,,,,,,
"Dec 29, 2010 11:00 PM",,,,,,,,,,,,,2,2,0,,,,,,,,,,,,,,,,,,,,,
"Dec 30, 2010 12:00 AM",,,,,,,,,,,,,0,0,0,,,,,,,,,,,,,,,,,,,,,
"Dec 30, 2010 1:00 AM",,,,,,,,,,,,,0,0,0,,,,,,,,,,,,,,,,,,,,,
"Dec 30, 2010 2:00 AM",,,,,,,,,,,,,0,0,0,,,,,,,,,,,,,,,,,,,,,
"Dec 30, 2010 3:00 AM",,,,,,,,,,,,,0,0,0,,,,,,,,,,,,,,,,,,,,,
"Dec 30, 2010 4:00 AM",,,,,,,,,,,,,0,0,0,,,,,,,,,,,,,,,,,,,,,
"Dec 30, 2010 5:00 AM",,,,,,,,,,,,,0,0,0,,,,,,,,,,,,,,,,,,,,,
"Dec 30, 2010 6:00 AM",,,,,,,,,,,,,0,0,0,,,,,,,,,,,,,,,,,,,,,
"Dec 30, 2010 7:00 AM",,,,,,,,,,,,,1,1,0,,,,,,,,,,,,,,,,,,,,,
"Dec 30, 2010 8:00 AM",,,,,,,,,,,,,0,0,0,,,,,,,,,,,,,,,,,,,,,
"Dec 30, 2010 9:00 AM",,,,,,,,,,,,,0,0,0,,,,,,,,,,,,,,,,,,,,,
"Dec 30, 2010 10:00 AM",,,,,,,,,,,,,1,1,0,,,,,,,,,,,,,,,,,,,,,
"Dec 30, 2010 11:00 AM",,,,,,,,,,,,,2,0,2,,,,,,,,,,,,,,,,,,,,,
"Dec 30, 2010 12:00 PM",,,,,,,,,,,,,7,3,4,,,,,,,,,,,,,,,,,,,,,
"Dec 30, 2010 1:00 PM",,,,,,,,,,,,,15,5,10,,,,,,,,,,,,,,,,,,,,,
"Dec 30, 2010 2:00 PM",,,,,,,,,,,,,7,5,2,,,,,,,,,,,,,,,,,,,,,
"Dec 30, 2010 3:00 PM",,,,,,,,,,,,,9,2,7,,,,,,,,,,,,,,,,,,,,,
"Dec 30, 2010 4:00 PM",,,,,,,,,,,,,9,5,4,,,,,,,,,,,,,,,,,,,,,
"Dec 30, 2010 5:00 PM",,,,,,,,,,,,,3,2,1,,,,,,,,,,,,,,,,,,,,,
"Dec 30, 2010 6:00 PM",,,,,,,,,,,,,0,0,0,,,,,,,,,,,,,,,,,,,,,
"Dec 30, 2010 7:00 PM",,,,,,,,,,,,,1,0,1,,,,,,,,,,,,,,,,,,,,,
"Dec 30, 2010 8:00 PM",,,,,,,,,,,,,0,0,0,,,,,,,,,,,,,,,,,,,,,
"Dec 30, 2010 9:00 PM",,,,,,,,,,,,,1,0,1,,,,,,,,,,,,,,,,,,,,,
"Dec 30, 2010 10:00 PM",,,,,,,,,,,,,0,0,0,,,,,,,,,,,,,,,,,,,,,
"Dec 30, 2010 11:00 PM",,,,,,,,,,,,,0,0,0,,,,,,,,,,,,,,,,,,,,,
"Dec 31, 2010 12:00 AM",,,,,,,,,,,,,0,0,0,,,,,,,,,,,,,,,,,,,,,
"Dec 31, 2010 1:00 AM",,,,,,,,,,,,,0,0,0,,,,,,,,,,,,,,,,,,,,,
"Dec 31, 2010 2:00 AM",,,,,,,,,,,,,0,0,0,,,,,,,,,,,,,,,,,,,,,
"Dec 31, 2010 3:00 AM",,,,,,,,,,,,,0,0,0,,,,,,,,,,,,,,,,,,,,,
"Dec 31, 2010 4:00 AM",,,,,,,,,,,,,0,0,0,,,,,,,,,,,,,,,,,,,,,
"Dec 31, 2010 5:00 AM",,,,,,,,,,,,,0,0,0,,,,,,,,,,,,,,,,,,,,,
"Dec 31, 2010 6:00 AM",,,,,,,,,,,,,0,0,0,,,,,,,,,,,,,,,,,,,,,
"Dec 31, 2010 7:00 AM",,,,,,,,,,,,,1,0,1,,,,,,,,,,,,,,,,,,,,,
"Dec 31, 2010 8:00 AM",,,,,,,,,,,,,1,0,1,,,,,,,,,,,,,,,,,,,,,
"Dec 31, 2010 9:00 AM",,,,,,,,,,,,,2,1,1,,,,,,,,,,,,,,,,,,,,,
"Dec 31, 2010 10:00 AM",,,,,,,,,,,,,3,1,2,,,,,,,,,,,,,,,,,,,,,
"Dec 31, 2010 11:00 AM",,,,,,,,,,,,,6,4,2,,,,,,,,,,,,,,,,,,,,,
"Dec 31, 2010 12:00 PM",,,,,,,,,,,,,6,3,3,,,,,,,,,,,,,,,,,,,,,
"Dec 31, 2010 1:00 PM",,,,,,,,,,,,,2,0,2,,,,,,,,,,,,,,,,,,,,,
"Dec 31, 2010 2:00 PM",,,,,,,,,,,,,6,2,4,,,,,,,,,,,,,,,,,,,,,
"Dec 31, 2010 3:00 PM",,,,,,,,,,,,,6,6,0,,,,,,,,,,,,,,,,,,,,,
"Dec 31, 2010 4:00 PM",,,,,,,,,,,,,7,3,4,,,,,,,,,,,,,,,,,,,,,
"Dec 31, 2010 5:00 PM",,,,,,,,,,,,,7,3,4,,,,,,,,,,,,,,,,,,,,,
"Dec 31, 2010 6:00 PM",,,,,,,,,,,,,2,2,0,,,,,,,,,,,,,,,,,,,,,
"Dec 31, 2010 7:00 PM",,,,,,,,,,,,,0,0,0,,,,,,,,,,,,,,,,,,,,,
"Dec 31, 2010 8:00 PM",,,,,,,,,,,,,2,0,2,,,,,,,,,,,,,,,,,,,,,
"Dec 31, 2010 9:00 PM",,,,,,,,,,,,,1,1,0,,,,,,,,,,,,,,,,,,,,,
"Dec 31, 2010 10:00 PM",,,,,,,,,,,,,0,0,0,,,,,,,,,,,,,,,,,,,,,
"Dec 31, 2010 11:00 PM",,,,,,,,,,,,,0,0,0,,,,,,,,,,,,,,,,,,,,,
